molecule_chembl_id,canonical_smiles,standard_value,class
CHEMBL5188858,Cc1cc(O)c(S(=O)(=O)O)cc1Cc1cc(S(=O)(=O)O)c(O)c(Cc2cc(S(=O)(=O)O)c(O)cc2C)c1C,0.48,active
CHEMBL5075993,CCOc1ccc(S(=O)(=O)n2nc(OC(=O)c3ccc(-c4ccccc4)cc3)cc2N)cc1,6.0,active
CHEMBL5075008,Nc1ccc(C(=O)Oc2cc(N)n(S(=O)(=O)c3ccc(Oc4ccccc4)cc3)n2)cc1,9.0,active
CHEMBL5092085,Nc1cc(OC(=O)c2ccc(-c3ccccc3)cc2)nn1S(=O)(=O)c1ccccc1,12.0,active
CHEMBL5081752,Nc1ccc(C(=O)Oc2cc(N)n(S(=O)(=O)c3ccc(Br)cc3)n2)cc1,74.0,active
CHEMBL506247,O=C(OC[C@H]1O[C@@H](OC(=O)c2cc(O)c(O)c(OC(=O)c3cc(O)c(O)c(O)c3)c2)[C@H](OC(=O)c2cc(O)c(O)c(OC(=O)c3cc(O)c(O)c(O)c3)c2)[C@@H](OC(=O)c2cc(O)c(O)c(OC(=O)c3cc(O)c(O)c(O)c3)c2)[C@@H]1OC(=O)c1cc(O)c(O)c(OC(=O)c2cc(O)c(O)c(O)c2)c1)c1cc(O)c(O)c(OC(=O)c2cc(O)c(O)c(O)c2)c1,130.0,active
CHEMBL5177478,CC(=O)N[C@@H](CCCCN)C(=O)N[C@@H](CCCCN)C(=O)N[C@H](C(=O)NCc1ccccc1)c1ccc(OCc2ccc(C(F)(F)F)cc2)cc1,200.0,active
CHEMBL4862682,NCc1ccc(-c2ncc(OCC3CCNCC3)nc2-c2ccc(-c3cn[nH]c3)cc2)cc1,210.0,active
CHEMBL4862353,NCc1ccc(-c2ncc(NCC3CCNCC3)nc2-c2ccc(-c3ccoc3)cc2)cc1,290.0,active
CHEMBL4860444,N=C(N)NCCC[C@H](NC(=O)c1ccccc1)C(=O)N[C@@H](CCCCN)C(=O)N[C@@H](C(=O)NCc1ccc(CN)cc1)c1ccc(OCc2ccccc2)cc1,300.0,active
CHEMBL5194226,CCCCC(=O)Nc1nc(SC(=O)CCCC)c2nc[nH]c2n1,380.0,active
CHEMBL4847952,N=C(N)NCCC[C@H](NC(=O)c1ccccc1)C(=O)N[C@@H](CCCCN)C(=O)N[C@@H](C(=O)NCc1ccc(C(N)=O)cc1)c1ccc(OCc2ccccc2)cc1,400.0,active
CHEMBL3741422,N=C(N)NCCC[C@H](NC(=O)c1ccccc1)C(=O)N[C@@H](CCCCN)C(=O)N[C@@H](C(N)=O)c1ccc(OCc2ccccc2)cc1,400.0,active
CHEMBL5177343,COc1ccc(S(=O)(=O)n2nc(OC(=O)c3cccc(-c4ccccc4)c3)cc2N)cc1,500.0,active
CHEMBL5083861,COc1ccc(S(=O)(=O)n2nc(OC(=O)c3ccc(-c4ccccc4)cc3)cc2N)cc1,500.0,active
CHEMBL4633312,N=C(N)Nc1ccc(CNC(=O)[C@@H](NC(=O)Cc2ccc(-c3ccccc3)cc2)c2ccc(OCc3c(Cl)cccc3Cl)cc2)cc1.O=C(O)C(F)(F)F,540.0,active
CHEMBL4850391,NCc1ccc(-c2ncc(OCC3CCNCC3)nc2-c2ccc(-c3ccoc3)cc2)cc1,590.0,active
CHEMBL4469272,C[C@](NC(=O)[C@H](CCCCN)NC(=O)[C@H](CCCNC(=N)N)NC(=O)c1ccccc1)(C(N)=O)c1ccccc1,600.0,active
CHEMBL1324,Cc1ccc(C(=O)c2cc(O)c(O)c([N+](=O)[O-])c2)cc1,640.0,active
CHEMBL4853830,NCc1ccc(-c2ncc(OCC3CCNCC3)nc2-c2ccc3[nH]ccc3c2)cc1,640.0,active
CHEMBL4865575,O=C(Nc1ccccc1)c1cc2cc(O)c(O)cc2o1,690.0,active
CHEMBL4856850,CNCc1ccc(-c2ncc(OCC3CCNCC3)nc2-c2ccc(-c3ccoc3)cc2)cc1,730.0,active
CHEMBL4876865,NCc1ccc(-c2ccc(NCC3CCNCC3)nc2-c2ccc(-c3ccoc3)cc2)cc1,860.0,active
CHEMBL4848934,NC(=O)c1ccc(-c2ncc(OCC3CCNCC3)nc2-c2ccc(-c3ccoc3)cc2)cc1,980.0,active
CHEMBL4640021,N=C(N)Nc1ccc(CNC(=O)[C@@H](NC(=O)Cc2ccc(-c3ccccc3)cc2)c2ccc(OCc3ccccc3)cc2)cc1.O=C(O)C(F)(F)F,1300.0,active
CHEMBL4464884,CC(NC(=O)[C@H](CCCCN)NC(=O)[C@H](CCCNC(=N)N)NC(=O)c1ccccc1)(C(N)=O)c1ccccc1,1300.0,active
CHEMBL4447800,Cc1ccc2nc(-c3ccc4nc(-c5ccc(NC(=O)c6ccc7nc(-c8ccc(N)cc8)sc7c6)cc5)sc4c3)sc2c1S(=O)(=O)O.N,1500.0,active
CHEMBL4545026,CN(C(=O)c1ccccc1)[C@@H](CCCNC(=N)N)C(=O)N[C@@H](CCCCN)C(=O)N[C@@H](C(N)=O)c1ccc(OCc2ccccc2)cc1,1600.0,active
CHEMBL4862793,O=C(NCC1CCNCC1)c1cc2ccc(-c3ccoc3)cc2[nH]1,1600.0,active
CHEMBL1353221,O=c1ccc2[n+]([O-])c3ccc([O-])cc3oc-2c1.[Na+],1610.0,active
CHEMBL4452943,COc1ccc(C[C@H]2C(=O)N[C@@H](CCCCN)C(=O)N(C)[C@@H](Cc3ccccc3)C(=O)N[C@@H](CCCCN)C(=O)N(C)[C@@H](CO)C(=O)N(C)[C@@H](Cc3ccc(OC)cc3)C(=O)N[C@@H](CCCCN)C(=O)N(C)[C@@H](Cc3ccc(OC)cc3)C(=O)N(C)[C@@H](Cc3ccc(OC)cc3)C(=O)N[C@@H](CCCCN)C(=O)N[C@H](C(N)=O)CSCC(=O)N[C@@H](Cc3ccc(O)cc3)C(=O)N2C)cc1,1700.0,active
CHEMBL4869859,N=C(N)Nc1ccc(C[C@H](NC(=O)[C@@H](NC(=O)c2ccccc2)c2ccc(OCc3ccccc3)cc2)C(=O)N[C@@H](C(N)=O)c2ccc(OCc3ccccc3)cc2)cc1,1700.0,active
CHEMBL4633204,N=C(N)Nc1ccc(CNC(=O)[C@@H](NC(=O)c2ccc(-c3ccccc3)cc2)c2ccc(OCc3ccccc3)cc2)cc1.O=C(O)C(F)(F)F,1800.0,active
CHEMBL4437334,O=C1C=C/C(=N/Nc2ccc([N+](=O)[O-])cc2Cl)C=C1C(=O)Nc1cccc(Cl)c1,1800.0,active
CHEMBL4537775,N=C(N)NCCC[C@H](NC(=O)c1ccccc1)C(=O)N[C@@H](CCCCN)C(=O)N[C@@H](C(=O)N[C@H]1CN(c2cccc(F)c2)C1=O)c1ccc(OCc2ccccc2)cc1,1900.0,active
CHEMBL4638299,N=C(N)Nc1ccc(CNC(=O)[C@@H](NC(=O)c2ccc(-c3ccc(Cl)cc3)cc2)c2ccc(OCc3ccccc3)cc2)cc1.O=C(O)C(F)(F)F,2000.0,active
CHEMBL1729965,O=c1c2ccccc2sn1-c1ccccc1Cl,2010.0,active
CHEMBL4634176,N=C(N)Nc1ccc(CNC(=O)[C@@H](NC(=O)c2ccc(OCc3ccc(Cl)cc3)cc2)c2ccc(OCc3ccccc3)cc2)cc1.O=C(O)C(F)(F)F,2200.0,active
CHEMBL4649657,CCCCCCCCCC(=O)N[C@H](C(=O)NCc1ccc(NC(=N)N)cc1)c1ccc(OCc2ccccc2)cc1.O=C(O)C(F)(F)F,2300.0,active
CHEMBL4435541,N=C(N)NCCC[C@H](NC(=O)c1ccccc1)C(=O)N[C@@H](CCCCN)C(=O)N[C@@H](C(=O)N[C@H]1CN(c2ccccc2)C1=O)c1ccc(OCc2ccccc2)cc1,2300.0,active
CHEMBL4872757,NCc1ccc(-c2ncc(OCC3CCNCC3)nc2-c2ccc(C3CCOCC3)cc2)cc1,2400.0,active
CHEMBL4859701,O=C(Nc1ccc(I)cc1)c1nc2cc(O)c(O)cc2s1,2480.0,active
CHEMBL4576745,N=C(N)NCCC[C@H](NC(=O)c1ccccc1)C(=O)N[C@@H](CCCCN)C(=O)N[C@@H](C(=O)N[C@H]1CN(c2ccc(F)cc2)C1=O)c1ccc(OCc2ccccc2)cc1,2500.0,active
CHEMBL4636584,N=C(N)NCc1ccc(CNC(=O)[C@H](NC(=O)c2ccc(Oc3ccccc3)cc2)c2ccc(OCc3ccc(Cl)c(Cl)c3)cc2)cc1.O=C(O)C(F)(F)F,2500.0,active
CHEMBL5191539,Cc1cc([N+](=O)[O-])ccc1-n1sc2ccccc2c1=O,2560.0,active
CHEMBL4568434,Cc1ccc(N2C[C@H](NC(=O)[C@H](NC(=O)[C@H](CCCCN)NC(=O)[C@H](CCCNC(=N)N)NC(=O)c3ccccc3)c3ccc(OCc4ccccc4)cc3)C2=O)cc1,2700.0,active
CHEMBL4446364,COc1cccc(Cn2c3ccc(-c4cccc(C(=N)N)c4)cc3c3cc(-c4cccc(C(=N)N)c4)ccc32)c1,2710.0,active
CHEMBL4872363,O=C(Nc1ccccc1)c1cc2cc(O)c(O)cc2s1,2730.0,active
CHEMBL4436496,Nc1cc(N)c(/N=N/c2ccc(S(=O)(=O)Nc3nccs3)cc2)cc1/N=N/c1ccc(S(=O)(=O)Nc2nccs2)cc1,2750.0,active
CHEMBL4462164,Cc1cccc(N2C[C@H](NC(=O)[C@H](NC(=O)[C@H](CCCCN)NC(=O)[C@H](CCCNC(=N)N)NC(=O)c3ccccc3)c3ccc(OCc4ccccc4)cc3)C2=O)c1,2800.0,active
CHEMBL5172831,COc1ccc(S(=O)(=O)n2nc(Oc3ccc(-c4ccccc4)cc3)cc2N)cc1,2900.0,active
CHEMBL4649859,CCCCCC(=O)N[C@H](C(=O)NCc1ccc(NC(=N)N)cc1)c1ccc(OCc2c(Cl)cccc2Cl)cc1.O=C(O)C(F)(F)F,2900.0,active
CHEMBL4854366,N=C(N)c1cccc(-c2ccc3c(c2)c2cc(-c4cccc(C(=N)N)c4)ccc2n3S(=O)(=O)c2cccc(C(F)(F)F)c2)c1,2900.0,active
CHEMBL1458891,Cc1ccc(C2=NC(=O)/C(=C/c3cc(O)c(O)c(Br)c3)S2)cc1,2940.0,active
CHEMBL4474101,CN(C(=O)c1ccccc1)[C@@H](CCCNC(=N)N)C(=O)N[C@@H](CCCCN)C(=O)N[C@@](C)(C(N)=O)c1ccccc1,3000.0,active
CHEMBL4865004,O=C(NCC1CCNCC1)c1c[nH]c2cc(-c3ccoc3)c(-c3ccoc3)cc12,3100.0,active
CHEMBL4879110,N=C(N)c1cccc(-c2ccc3c(c2)c2cc(-c4cccc(C(=N)N)c4)ccc2n3S(=O)(=O)c2cccc(OC(F)(F)F)c2)c1,3100.0,active
CHEMBL4642885,CCCCCC(=O)N[C@@H](C(=O)NCc1ccc(CN)cc1)c1ccc(OCc2ccc(Cl)c(Cl)c2)cc1.O=C(O)C(F)(F)F,3100.0,active
CHEMBL3335494,N=C(N)NCCC[C@H](NC(=O)c1ccccc1)C(=O)N[C@@H](CCCCN)C(=O)N[C@H](C(N)=O)c1ccccc1,3300.0,active
CHEMBL1714002,COC1=C(Br)C(=O)c2ncccc2C1=O,3410.0,active
CHEMBL1570587,O=C1C(Cl)=C(NC(=O)c2ccccc2)C(=O)C(Cl)=C1NC(=O)c1ccccc1,3530.0,active
CHEMBL4563546,CN(C(=O)c1ccccc1)[C@@H](CCCNC(=N)N)C(=O)N[C@@H](CCCCN)C(=O)N[C@@H](C(N)=O)c1ccccc1,3600.0,active
CHEMBL4522006,O=C(Nc1nc2cc(O)c(O)cc2s1)c1ccccc1Sc1ccc(C(F)(F)F)cc1,3600.0,active
CHEMBL4857480,c1cc(-c2ccc(-c3ncc(OCC4CCNCC4)nc3-c3ccc(-c4ccsc4)cc3)cc2)cs1,3600.0,active
CHEMBL4870335,O=C(Nc1ccccc1)c1cnc2cc(O)c(O)cc2c1,3630.0,active
CHEMBL1707222,COC1=C(Br)C(=O)c2nc(C)ccc2C1=O,3770.0,active
CHEMBL4867805,ONCc1ccc(-c2ncc(OCCC3CCNCC3)nc2-c2ccc(CNO)cc2)cc1,3800.0,active
CHEMBL3740277,N=C(N)NCCC[C@H](NC(=O)c1ccccc1)C(=O)N[C@@H](CCCCN)C(=O)N[C@@H](C(N)=O)c1ccccc1,3800.0,active
CHEMBL4634331,N=C(N)Nc1ccc(CNC(=O)[C@@H](NC(=O)c2ccc(Oc3ccccc3)cc2)c2ccc(OCc3ccccc3)cc2)cc1.O=C(O)C(F)(F)F,4000.0,active
CHEMBL4848445,O=C(Nc1ccccc1)[C@@H]1CCCN1C(=O)c1cc2cc(O)c(O)cc2s1,4010.0,active
CHEMBL210208,O=c1ccc2c(-c3ccccc3S(=O)(=O)O)c3ccc(O)c(O)c3oc-2c1O,4060.0,active
CHEMBL4519077,N=C(N)NCCC[C@H](NC(=O)C(=O)c1ccccc1)C(=O)N[C@@H](CCCCN)C(=O)N[C@@H](C(N)=O)c1ccccc1,4100.0,active
CHEMBL4440832,O=C(Nc1nc2cc(O)c(O)cc2s1)c1ccccc1Oc1ccc2cc(O)ccc2c1,4200.0,active
CHEMBL4878316,O=C(Nc1nc2cc(O)c(O)cc2s1)c1ccc(I)cc1,4380.0,active
CHEMBL4646812,N=C(N)Nc1ccc(CNC(=O)[C@@H](NC(=O)c2ccc(OCc3ccccc3)cc2)c2ccc(OCc3ccccc3)cc2)cc1.O=C(O)C(F)(F)F,4400.0,active
CHEMBL4568823,COc1cccc(S(=O)(=O)n2c3ccc(-c4cccc(C(=N)N)c4)cc3c3cc(-c4cccc(C(=N)N)c4)ccc32)c1,4500.0,active
CHEMBL1706454,Cl.O=C1C(Cl)=C(N2CCN(CCO)CC2)C(=O)c2c(O)ccc(O)c21,4580.0,active
CHEMBL1972037,NS(=O)(=O)c1ccc(N/N=C/c2ccc(O)c(O)c2O)c([N+](=O)[O-])c1,4590.0,active
CHEMBL2006418,O=[N+]([O-])c1ccc(N/N=C/c2ccc(O)c(O)c2O)c(S(=O)(=O)N2CCOCC2)c1,4600.0,active
CHEMBL1699845,O=C1C(Cl)=C(Oc2ccccc2)C(=O)c2ccccc21,4630.0,active
CHEMBL1496231,COC(CNC(=O)c1ccc2c3c(onc13)-c1ccccc1C2=O)OC,4670.0,active
CHEMBL4639241,COc1cccc(COc2ccc(C(=O)N[C@H](C(=O)NCc3ccc(NC(=N)N)cc3)c3ccc(OCc4ccccc4)cc3)cc2)c1.O=C(O)C(F)(F)F,4700.0,active
CHEMBL4853600,O=C(Nc1ccccc1)[C@@H]1CCCCN1C(=O)c1cc2cc(O)c(O)cc2o1,4730.0,active
CHEMBL4641383,CCCCCCCC(=O)N[C@H](C(=O)NCc1ccc(NC(=N)N)cc1)c1ccc(OCc2ccccc2)cc1.O=C(O)C(F)(F)F,4800.0,active
CHEMBL4871256,O=C(Nc1nc2cc(O)c(O)cc2s1)c1ccc(Cl)c(Cl)c1,4860.0,active
CHEMBL4640386,CCCCCC(=O)N[C@H](C(=O)NCc1ccc(CN)cc1)c1ccc(OCc2ccccc2)cc1.O=C(O)C(F)(F)F,4900.0,active
CHEMBL4643221,N=C(N)Nc1ccc(CNC(=O)[C@@H](NC(=O)c2cccc(Oc3ccccc3)c2)c2ccc(OCc3ccccc3)cc2)cc1.O=C(O)C(F)(F)F,4900.0,active
CHEMBL1212972,CC1OC(CC(=O)O)CC2=C1C(=O)c1c(O)cccc1C2=O,5040.0,active
CHEMBL1729300,COC1=C(OC)C(=O)C(Sc2ccc3ccccc3c2)=CC1=O,5090.0,active
CHEMBL1700996,Cl.O=C1C(Br)=C(N2CCN(CCOCCO)CC2)C(=O)c2c(O)ccc(O)c21,5110.0,active
CHEMBL1446929,CCC(=O)NC1=C(Cl)C(=O)C(NC(=O)CC)=C(Cl)C1=O,5190.0,active
CHEMBL131037,COc1ccc(OC)c2c1C(=O)C(Cl)=C(Cl)C2=O,5230.0,active
CHEMBL1964407,CCOC(=O)/C=C(\C)Sc1cc(O)c2ccccc2c1O,5240.0,active
CHEMBL5174495,O=c1c2ccccc2sn1-c1c(Cl)cccc1Cl,5280.0,active
CHEMBL1329974,O=C(O)CSc1cc(NS(=O)(=O)c2cccc([N+](=O)[O-])c2)c2ccccc2c1O,5400.0,active
CHEMBL1702945,Nc1ccc(S(=O)(=O)c2cc(O)c3ccccc3c2O)cc1,5470.0,active
CHEMBL1325819,C=CCOc1cccc(C2C(C(=O)c3ccc(C)o3)=C(O)C(=O)N2c2nccs2)c1,5640.0,active
CHEMBL4638743,CCCCCC(=O)N[C@@H](C(=O)NCc1ccc(NC(=N)N)cc1)c1ccc(OCc2ccc(Cl)c(Cl)c2)cc1.O=C(O)C(F)(F)F,5700.0,active
CHEMBL1302524,CC(=O)N(C1=C(Cl)C(=O)c2ccccc2C1=O)c1ccc(C(=O)O)cc1,5890.0,active
CHEMBL4646053,N=C(N)Nc1ccc(CNC(=O)[C@@H](NC(=O)c2ccc(OC3CCCCC3)cc2)c2ccc(OCc3ccccc3)cc2)cc1.O=C(O)C(F)(F)F,5900.0,active
CHEMBL1721095,O=C1C=C(c2c(O)ccc3ccccc23)c2ccccc2C1=O,5910.0,active
CHEMBL4441561,N#C/C(=C\c1ccc(-c2ccc(C(=O)O)cc2)s1)c1nc2cc(Cl)ccc2[nH]1,5950.0,active
CHEMBL5190426,N#C/C(=C/c1ccc(-c2ccc(C(=O)O)cc2)s1)c1nc2cc(Cl)ccc2[nH]1,5950.0,active
CHEMBL4848342,O=C(Nc1nc2cc(O)c(O)cc2s1)c1ccc(Cl)cc1,5970.0,active
CHEMBL1347373,O=C(O)CCn1cc(C=C2C(=O)NC(=S)NC2=O)c(-c2cccc(Br)c2)n1,6040.0,active
CHEMBL3191525,COc1ccc2c(c1)-c1nc(/N=C/c3c(O)ccc4ccccc34)sc1CC2,6250.0,active
CHEMBL4877376,Cc1cc(CN)ccc1-c1ncc(OCC2CCNCC2)nc1-c1ccc(CN)cc1C,6300.0,active
CHEMBL4569882,COc1ccc(/C=C\c2cc(OC)c(OC)c(OC)c2)cc1NC(=O)[C@H](CCCNC(=N)N)NC(=O)[C@@H](N)CCCNC(=N)N,6300.0,active
CHEMBL4643526,N=C(N)Nc1ccc(CNC(=O)[C@@H](NC(=O)c2ccc(-c3cccs3)s2)c2ccc(OCc3ccccc3)cc2)cc1.O=C(O)C(F)(F)F,6300.0,active
CHEMBL1526763,O=C(O)c1ccc(COc2ccccc2C=C2C(=O)c3ccccc3C2=O)cc1,6330.0,active
CHEMBL1163377,CN1CCN(C2=C(Cl)C(=O)c3ccccc3C2=O)CC1,6330.0,active
CHEMBL1526067,O=[N+]([O-])c1cc([N+](=O)[O-])c2cc3ccccc3nc2c1,6370.0,active
CHEMBL1736432,O=[N+]([O-])c1cc2no[n+]([O-])c2cc1N1CCCCC1,6380.0,active
CHEMBL4855786,Cc1ccc(C(=O)Nc2nc3cc(O)c(O)cc3s2)cc1,6390.0,active
CHEMBL4875563,O=C(Nc1ccccc1)[C@@H]1CCCN1C(=O)c1cc2cc(O)c(O)cc2o1,6430.0,active
CHEMBL4867842,O=C(NCC1CCNCC1)c1cc2ccc(-c3ccc(Oc4ccccc4)cc3)cc2[nH]1,6500.0,active
CHEMBL4865561,NCCCC[C@H](NC(=O)[C@@H](NC(=O)c1ccccc1)c1ccc(OCc2ccccc2)cc1)C(=O)N[C@@H](C(N)=O)c1ccc(OCc2ccccc2)cc1,6600.0,active
CHEMBL4868241,COc1ccc(S(=O)(=O)n2c3ccc(-c4cccc(C(=N)N)c4)cc3c3cc(-c4cccc(C(=N)N)c4)ccc32)cc1,6600.0,active
CHEMBL4645091,CCCCCC(=O)N[C@@H](C(=O)NCc1ccc(NC(=N)N)cc1)c1ccc(OCc2ccc(C(F)(F)F)cc2)cc1.O=C(O)C(F)(F)F,6600.0,active
CHEMBL5185808,O=c1c2ccccc2sn1-c1ccccc1O,6660.0,active
CHEMBL4441383,COC(=O)c1[nH]c2ccc(Cl)cc2c1C(=O)c1cc(OC)c(O)c(OC)c1,6700.0,active
CHEMBL4632524,CCCCCCC(=O)N[C@H](C(=O)NCc1ccc(NC(=N)N)cc1)c1ccc(OCc2ccccc2)cc1.O=C(O)C(F)(F)F,6800.0,active
CHEMBL1721986,CC(C)c1ccc(S(=O)(=O)/N=C2/C=C(Sc3nc[nH]n3)C(=O)c3ccccc32)cc1,6890.0,active
CHEMBL4857545,O=C(Nc1ccccc1)c1cc2cc(O)c(O)cc2[nH]1,6900.0,active
CHEMBL1476089,O=C1C(Cl)=CC(=Nc2ccc([O-])cc2)C=C1Cl.[Na+],7020.0,active
CHEMBL1564699,O=C(O)CSc1cc(NS(=O)(=O)c2ccc(Cl)cc2)c2ccccc2c1O,7150.0,active
CHEMBL1383957,CC1=NOC(=O)/C1=C\c1ccc2c(c1)OCO2,7170.0,active
CHEMBL1465938,COc1ccc(S(=O)(=O)Nc2cc(SCC(=O)O)c(O)c3ccccc23)cc1,7220.0,active
CHEMBL4641816,CCCCCC(=O)N[C@H](C(=O)NCc1ccc(NC(=N)N)cc1)c1ccc(OCc2ccc(C(F)(F)F)cc2)cc1.O=C(O)C(F)(F)F,7400.0,active
CHEMBL1433919,O=C1NN(c2ccc(Cl)c(Cl)c2)C(=O)/C1=C/c1ccc(-c2ccccc2C(=O)O)o1,7410.0,active
CHEMBL1420642,COc1cc(/C=C2/C(=O)c3cccc([N+](=O)[O-])c3C2=O)c(Br)cc1O,7440.0,active
CHEMBL1310865,CCOc1ccc(S(=O)(=O)Nc2cc(SCC(=O)O)c(O)c3ccccc23)cc1,7490.0,active
CHEMBL1321103,O=C(O)CCn1cc(C=C2C(=O)NC(=S)NC2=O)c(-c2ccccc2)n1,7650.0,active
CHEMBL1331211,O=C(O)CSc1cc(NS(=O)(=O)c2ccc(Br)cc2)c2ccccc2c1O,7660.0,active
CHEMBL1578997,O=C(O)c1ccc(NC2=C(Cl)C(=O)c3ccccc3C2=O)cc1,7760.0,active
CHEMBL1873953,O=[N+]([O-])c1cc2ccccc2c(O)c1O,7790.0,active
CHEMBL4859361,O=C(Nc1nc2cc(O)c(O)cc2s1)c1ccc(-c2ccccc2)cc1,7800.0,active
CHEMBL4863749,NCCCC[C@H](NC(=O)c1ccccc1)C(=O)N[C@@H](C(=O)N[C@@H](C(N)=O)C1CCCCC1)c1ccc(OCc2ccccc2)cc1,7900.0,active
CHEMBL1528850,O=C(O)CCn1cc(C=C2C(=O)NC(=O)NC2=O)c(-c2ccc(Br)cc2)n1,7970.0,active
CHEMBL1881398,COc1cc(/C=C2\C(=O)N(c3cccc(C(=O)O)c3)N=C2C)ccc1OCc1ccccc1,7990.0,active
CHEMBL3938548,O=c1c2ccccc2sn1-c1ccc(Br)cc1,8240.0,active
CHEMBL1431126,Oc1nc2ccccc2n2c(-c3ccccc3)nnc12,8260.0,active
CHEMBL4868257,CC(C)(C)c1ccc(-c2ncc(OCC3CCNCC3)nc2-c2ccc(C(C)(C)C)cc2)cc1,8400.0,active
CHEMBL1507776,C#CCOc1ccc(/C=C2/C(=O)N(c3cccc(C(=O)O)c3)N=C2C)cc1OC,8420.0,active
CHEMBL1531656,O=C(O)c1cc(Nc2cc(Cl)c3nonc3c2[N+](=O)[O-])ccc1O,8550.0,active
CHEMBL4860508,N=C(N)c1cccc(-c2ccc3c(c2)c2cc(-c4cccc(C(=N)N)c4)ccc2n3S(=O)(=O)c2ccccc2Br)c1,8800.0,active
CHEMBL4638781,N=C(N)Nc1ccc(CNC(=O)[C@@H](NC(=O)CC2CCCCC2)c2ccc(OCc3ccccc3)cc2)cc1.O=C(O)C(F)(F)F,9000.0,active
CHEMBL1723955,O=C1C(Cl)=C(NCCc2ccccc2)C(=O)c2ccccc21,9150.0,active
CHEMBL1865393,COc1ccccc1N(C(C)=O)C1=C(Cl)C(=O)c2ccccc2C1=O,9200.0,active
CHEMBL4852919,O=C(NCC1CCNCC1)c1c[nH]c2nc(-c3ccc(CN4CCCCC4)cc3)ccc12,9200.0,active
CHEMBL1730762,COC1=CC(=O)C(C2CC(=O)c3c(O)cc(O)cc3O2)=CC1=O,9230.0,active
CHEMBL1714335,Cc1ccccc1C1=C/C(=C(\SS/C(C(=O)c2ccc(OCC(=O)O)c(Cl)c2Cl)=C2\C=C(c3ccccc3C)SS2)C(=O)c2ccc(OCC(=O)O)c(Cl)c2Cl)SS1,9250.0,active
CHEMBL4864398,NCCCC[C@H](NC(=O)c1ccccc1)C(=O)N[C@@H](C(=O)N[C@H](C(N)=O)C1CCCCC1)c1ccc(OCc2ccccc2)cc1,9400.0,active
CHEMBL1486234,CC1(C)CC(=O)C(C(C2=C(O)CC(C)(C)CC2=O)c2ccc(O)c([N+](=O)[O-])c2)=C(O)C1,9490.0,active
CHEMBL4519543,C[C@@](NC(=O)[C@H](CCCCN)NC(=O)[C@H](CCCNC(=N)N)NC(=O)c1ccccc1)(C(N)=O)c1ccccc1,9500.0,active
CHEMBL1538386,CC1=NN(c2ccc(Cl)c(C(=O)O)c2)C(=O)/C1=C/c1ccc(-c2ccccc2[N+](=O)[O-])o1,9500.0,active
CHEMBL1607263,CCc1ccc(S(=O)(=O)Nc2cc(SCC(=O)O)c(O)c3ccccc23)cc1,9530.0,active
CHEMBL3196407,Cn1c(/N=C/c2c(O)ccc3ccccc23)nc2ccccc21,9600.0,active
CHEMBL4526128,O=C(N[C@@H](Cc1ccc(O)cc1)C(=O)O)c1cc(-c2ccccc2)c(=O)n2c1sc1ccc(OC3CCCCC3)cc12,9610.0,active
CHEMBL1319867,O=[N+]([O-])c1c(Nc2ccccc2O)cc(Cl)c2nonc12,9700.0,active
CHEMBL1497153,O=C(O)c1[nH]c2ccccc2c1C(c1cc(Cl)cc([N+](=O)[O-])c1O)c1c(C(=O)O)[nH]c2ccccc12,9770.0,active
CHEMBL4870296,N=C(N)c1cccc(-c2ccc3c(c2)c2cc(-c4cccc(C(=N)N)c4)ccc2n3S(=O)(=O)c2ccccc2OC(F)(F)F)c1,9800.0,active
CHEMBL1360792,Cc1ccc2nc3cc([N+](=O)[O-])cc([N+](=O)[O-])c3cc2c1,9850.0,active
CHEMBL4874382,NCCCC[C@H](NC(=O)c1ccccc1)C(=O)N[C@H](C(=O)N[C@H](C(N)=O)C1CCCCC1)c1ccc(OCc2ccccc2)cc1,9900.0,active
CHEMBL4871540,O=C(C[C@H](NC(=O)c1ccccc1)C(=O)Nc1nc2cc(O)c(O)cc2s1)Nc1ccccc1,9950.0,active
CHEMBL4849139,O=C(NC1CCNCC1)c1c[nH]c2cc(-c3ccncc3)ccc12,10000.0,active
CHEMBL4483351,CC[C@H](C)[C@@H]1NC(=O)[C@H](CC(N)=O)NC(=O)[C@H](C(C)C)NC(=O)[C@H](CC(C)C)NC(=O)[C@H]([C@@H](C)O)NC(=O)[C@H](CC(N)=O)NC(=O)[C@H](Cc2ccc(OC)cc2)N(C)C(=O)[C@H]([C@@H](C)CC)NC(=O)[C@H](CCCCN)NC(=O)[C@H](Cc2c[nH]c3ccccc23)NC(=O)[C@H](Cc2ccc(O)cc2)NC(=O)CSC[C@@H](C(N)=O)NC1=O,10000.0,active
CHEMBL1503442,O=C1C(=Cc2cccn2-c2ccc(O)cc2)C(=O)c2ccccc21,10120.0,active
CHEMBL1998566,Cc1ccc(S(=O)(=O)/N=C2/C=C(C3C(=O)CC(C)(C)CC3=O)C(=O)c3ccccc32)cc1,10130.0,active
CHEMBL1422763,CCCC1=NN(c2ccccc2)C(=O)/C1=C\c1ccc(OCc2ccc(C(=O)O)cc2)cc1,10190.0,active
CHEMBL4869904,Ic1ccc(-c2ncc(OCCC3CCNCC3)nc2-c2ccc(I)cc2)cc1,10200.0,active
CHEMBL4871785,O=C(NCC1CCNCC1)c1cc2ccc(-c3cn[nH]c3)cc2[nH]1,10300.0,active
CHEMBL1308404,O=[N+]([O-])c1c(Nc2ccc(O)cc2)cc(Cl)c2nonc12,10420.0,active
CHEMBL4869765,COc1ccc(-c2ccc3cc(C(=O)NCC4CCNCC4)[nH]c3c2)cc1,10600.0,active
CHEMBL4864012,O=C(NCC1CCNCC1)c1cc2ccc(-c3ccc(OC(F)(F)F)cc3)cc2[nH]1,10700.0,active
CHEMBL1432590,O=C(O)c1cccc(Nc2cc(Cl)c3nonc3c2[N+](=O)[O-])c1,10720.0,active
CHEMBL1987742,COC1=CC(=O)C(O)=C(CCCCCCC/C=C/CCCCCCCC2=C(O)C(=O)C=C(OC)C2=O)C1=O,10810.0,active
CHEMBL1467719,O=C(O)CCn1cc(C=C2C(=O)NC(=S)NC2=O)c(-c2cccc(Cl)c2)n1,10930.0,active
CHEMBL1373316,C=CS(=O)(=O)c1sc(Cl)c(N2CCOCC2)c1[N+](=O)[O-],11000.0,active
CHEMBL4649655,CCCCCC(=O)N[C@H](C(=O)NCc1ccc(NC(=N)N)cc1)c1ccc(OCc2ccccc2)cc1.O=C(O)C(F)(F)F,11000.0,active
CHEMBL1707040,CN(C)c1c([N+](=O)[O-])cc(N2C(=O)C=CC2=O)cc1[N+](=O)[O-],11090.0,active
CHEMBL1387563,Cc1ccc(-c2ccc(/C=C3\C(=O)ON=C3c3ccccc3)o2)c([N+](=O)[O-])c1,11100.0,active
CHEMBL4876394,O=C(Nc1nc2cc(O)c(O)cc2s1)C(c1ccccc1)c1ccccc1,11120.0,active
CHEMBL2003651,O=C(O)c1ccc(S(=O)(=O)/N=C2\C=C(Nc3ccccc3F)C(=O)c3ccccc32)cc1,11210.0,active
CHEMBL4871038,O=[N+]([O-])c1ccc2nc(NC(=S)Nc3ccc(I)cc3)sc2c1,11210.0,active
CHEMBL1369802,CC1=NOC(=O)/C1=C/c1ccc2c(c1)OCO2,11560.0,active
CHEMBL1585191,O=C1ON=C(c2ccccc2)/C1=C/c1ccc(-c2ccccc2[N+](=O)[O-])o1,11580.0,active
CHEMBL4870594,O=C(Nc1ccccc1)[C@@H]1CCCN1C(=O)c1nc2cc(O)c(O)cc2s1,11590.0,active
CHEMBL1287980,CN(C)c1ccc(/C=c2\c3cc([N+](=O)[O-])ccc3n3c2cc(-c2ccccc2)[n+]3C)cc1.O=S(=O)([O-])C(F)(F)F,11820.0,active
CHEMBL1509676,COC(=O)c1ccc(N2NC(=O)/C(=C/c3ccc(-c4ccc(Cl)c(C(=O)O)c4)o3)C2=O)cc1,11930.0,active
CHEMBL1364221,O=C(O)c1ccc(Nc2cc(Cl)c3nonc3c2[N+](=O)[O-])cc1,11970.0,active
CHEMBL4870696,N#Cc1ccc(-c2ccc3c(C(=O)NCC4CCNCC4)c[nH]c3c2)cc1,12000.0,active
CHEMBL3198927,C=CCOc1ccccc1/C=c1\sc2nc(=O)c(C)nn2c1=O,12080.0,active
CHEMBL1400449,CCCC1=NN(c2ccccc2)C(=O)/C1=C/c1ccc(OCc2ccc(C(=O)O)cc2)cc1,12150.0,active
CHEMBL66953,O=c1c(O)cccc2cc(O)c(O)c(O)c12,12190.0,active
CHEMBL506092,N=C(N)NCCC[C@@H](C=O)NC(=O)[C@H](CCCCN)NC(=O)[C@H](CCCCN)NC(=O)Cc1ccc(-c2ccccc2)cc1,12200.0,active
CHEMBL1736254,O=C1C(=NCCc2cc(Br)c(O)c(Br)c2)C=C(O)c2cccnc21,12220.0,active
CHEMBL562949,O=C(O)c1ccc2c(c1)C(=O)/C(=C/c1ccccc1)C2=O,12230.0,active
CHEMBL1608853,O=C(O)c1ccc2c(c1)C(=O)/C(=C\c1ccco1)C2=O,12310.0,active
CHEMBL1471665,O=C(O)c1ccccc1-c1ccc(C=C2C(=O)N(c3ccccc3)C(=S)N(c3ccccc3)C2=O)o1,12350.0,active
CHEMBL4561419,N=C(N)NCCC[C@H](NC(=O)c1ccccc1)C(=O)N[C@@H](CCCCN)C(=O)N[C@@H](C(=O)N[C@@H]1CN(c2cccc(F)c2)C1=O)c1ccc(OCc2ccccc2)cc1,12400.0,active
CHEMBL1736502,CCCCCCCCSC1=CC(=O)C(OC)=C(OC)C1=O,12490.0,active
CHEMBL3194553,O=C(O)/C(CC(=O)c1ccc(Cl)cc1)=N/Nc1ccc([N+](=O)[O-])cc1[N+](=O)[O-],12530.0,active
CHEMBL1327017,O=C(Nc1cc(C(=O)Nc2ccccc2C(=O)O)cc(C(=O)Nc2ccccc2C(=O)O)c1)c1ccccc1,12680.0,active
CHEMBL1359070,CN(C)c1ccc(C=C2C(=O)NC(=S)NC2=O)cc1[N+](=O)[O-],12820.0,active
CHEMBL1312842,COc1cccc(/C=C2\C(=O)C(=O)c3ccccc32)c1,12900.0,active
CHEMBL4638581,CCCCCC(=O)N[C@H](C(=O)NCc1ccc(NC(=N)N)cc1)c1ccc(OCc2ccc(C(C)(C)C)cc2)cc1.O=C(O)C(F)(F)F,13000.0,active
CHEMBL4851607,CC(C)(C)C(=O)OCc1ccc(-c2ncc(OCC3CCNCC3)nc2-c2ccc(COC(=O)C(C)(C)C)cc2)cc1,13400.0,active
CHEMBL1321179,O=C1C(Cl)=C(N2CCOCC2)C(=O)N1c1cccc(Cl)c1,13620.0,active
CHEMBL4849531,N=C(N)NCCC[C@H](NC(=O)c1ccccc1)C(=O)N[C@@H](CCCCN)C(=O)N[C@@H](C(=O)N[C@H](C(N)=O)C1CCCCC1)c1ccc(OCc2ccccc2)cc1,13700.0,active
CHEMBL3191780,C/N=c1\scc(C)n1/N=C/c1ccc(O)c(O)c1O,13860.0,active
CHEMBL5178911,O=C1c2ccccc2C(=O)N1CCCSc1nnc(-c2ccc(NS(=O)(=O)c3ccc(C(F)(F)F)cc3)cc2)o1,13900.0,active
CHEMBL1345754,CCCCC1(C)OC(=O)C(=Cc2ccc(-c3ccc(Cl)c(C(=O)O)c3)o2)C(=O)O1,13960.0,active
CHEMBL4802111,CCCCCC(=O)N[C@H](C(=O)NCc1ccc(CNC(=N)N)cc1)c1ccc(OCc2ccccc2)cc1.O=C(O)C(F)(F)F,14000.0,active
CHEMBL1724452,C[n+]1c(-c2ccccc2)cc2c(=Cc3ccc([N+](=O)[O-])cc3)c3ccccc3n21.O=S(=O)([O-])C(F)(F)F,14250.0,active
CHEMBL3344303,N=C(N)Nc1ccc(OC(=O)c2ccc(NC(=N)N)cc2)cc1,14400.0,active
CHEMBL1893983,CC1=CC(=O)C(Sc2ccc(C)cc2)=CC1=O,14450.0,active
CHEMBL1704261,CCCC(=O)NC1=C(Cl)C(=O)c2ccccc2C1=O,14510.0,active
CHEMBL1492148,Cc1ccc(Sc2ccc(C=C3C(=O)N(C)C(=O)N(C)C3=O)o2)cc1,14530.0,active
CHEMBL1723511,O=C(O)c1cccc2cccc(-c3c4ccc(=O)c(O)c-4oc4c(O)c(O)ccc34)c12,14640.0,active
CHEMBL1587422,Cc1ccc(C)c(-n2c3nc(=O)[nH]c(=O)c-3cc3cc([N+](=O)[O-])ccc32)c1,14920.0,active
CHEMBL3989743,O.O=C1OC2(c3ccccc31)c1cc(I)c([O-])c(I)c1Oc1c2cc(I)c([O-])c1I.[Na+].[Na+],15000.0,active
CHEMBL4849553,CC(C)(C)c1ccc(-c2ccc3cc(C(=O)NCC4CCNCC4)[nH]c3c2)cc1,15000.0,active
CHEMBL5189529,O=C1c2ccccc2C(=O)N1CCCCSc1nnc(-c2ccc(NS(=O)(=O)c3ccc(C(F)(F)F)cc3)cc2)o1,15100.0,active
CHEMBL5206054,O=C1/C(=C\c2ccc([N+](=O)[O-])cc2)CN(CC(=O)c2ccc(F)cc2)C/C1=C/c1ccc([N+](=O)[O-])cc1,15220.0,active
CHEMBL1707443,Oc1c(CN2CCOCC2)cc(CN2CCOCC2)c(O)c1O,15250.0,active
CHEMBL1538023,CC1=NOC(=O)/C1=C\c1ccc(-c2ccc(Cl)c(C(=O)O)c2)o1,15260.0,active
CHEMBL1464721,O=C(O)c1cccc(NC2=C(Cl)C(=O)c3ccccc3C2=O)c1,15570.0,active
CHEMBL1455522,CC1=NN(c2ccc(C(=O)O)cc2)C(=O)/C1=C\c1ccc(OC(=O)c2cccs2)cc1,15590.0,active
CHEMBL1500165,COc1ccc(NC(S)=NNc2ccc(S(=O)(=O)Nc3ccccc3C(=O)O)cc2[N+](=O)[O-])cc1,15750.0,active
CHEMBL1718737,Cn1c2ccccc2c2ccc3c(c21)C(=O)C=CC3=O,15780.0,active
CHEMBL1571889,CC(C)CN(CC(C)C)c1ccc(C=C2C(=O)NC(=S)NC2=O)cc1[N+](=O)[O-],15870.0,active
CHEMBL4545602,Cc1ccc(N2C[C@@H](NC(=O)[C@H](NC(=O)[C@H](CCCCN)NC(=O)[C@H](CCCNC(=N)N)NC(=O)c3ccccc3)c3ccc(OCc4ccccc4)cc3)C2=O)cc1,15900.0,active
CHEMBL1522210,O=C(O)c1[nH]c2ccccc2c1C(c1cc(Br)ccc1O)c1c(C(=O)O)[nH]c2ccccc12,15980.0,active
CHEMBL1543994,COc1cc(C(c2c(C(=O)O)[nH]c3ccccc23)c2c(C(=O)O)[nH]c3ccccc23)ccc1OCc1ccccc1,16030.0,active
CHEMBL515505,Nc1nc(Sc2ccc([N+](=O)[O-])c3nonc23)c2nc[nH]c2n1,16030.0,active
CHEMBL1734152,CC1COCC(C)N1C1=C(Cl)C(=O)c2ccccc2C1=O,16160.0,active
CHEMBL5205657,COc1ccc(C(=O)CN2C/C(=C/c3ccc([N+](=O)[O-])cc3)C(=O)/C(=C\c3ccc([N+](=O)[O-])cc3)C2)cc1,16230.0,active
CHEMBL1365018,CN(C)c1ccc(C=C2C(=O)NC(=O)NC2=O)cc1[N+](=O)[O-],16270.0,active
CHEMBL1311053,CCc1sc(C(C2C(=O)CC(C)(C)CC2=O)C2C(=O)CC(C)(C)CC2=O)cc1[N+](=O)[O-],16370.0,active
CHEMBL4452870,Cc1cccc(N2C[C@@H](NC(=O)[C@H](NC(=O)[C@H](CCCCN)NC(=O)[C@H](CCCNC(=N)N)NC(=O)c3ccccc3)c3ccc(OCc4ccccc4)cc3)C2=O)c1,16400.0,active
CHEMBL3196837,Oc1ccc(/C=N/Nc2ccc(Cl)nn2)c(O)c1O,16400.0,active
CHEMBL1495219,Cn1nc([N+](=O)[O-])c(C(C#N)c2nc3ccccc3n2C)c(Cl)c1=O,16690.0,active
CHEMBL1304529,O=C(O)c1[nH]c2ccccc2c1C(c1ccccc1)c1c(C(=O)O)[nH]c2ccccc12,16700.0,active
CHEMBL1704513,Cc1cc(O)c2c(c1)C(=O)[C@@]13Oc4c5c(c(O)c6c(O)cc(C)cc46)C(=O)C[C@H](O)[C@H]5[C@@H]1[C@@H](O)CC(=O)C3=C2O,16720.0,active
CHEMBL1271764,CN1CCN(C2=C(Cl)C(=O)N(c3ccc(Cl)c(Cl)c3)C2=O)CC1,16890.0,active
CHEMBL1304374,COc1cc(Cl)cc(C(c2c(C(=O)O)[nH]c3ccccc23)c2c(C(=O)O)[nH]c3ccccc23)c1O,16930.0,active
CHEMBL5094815,N=C(N)N[C@H]1CC[C@H](CNC(=O)[C@H](CCCCN)NC(=O)[C@H](CCCCN)NC(=O)Cc2ccc(OCCCCS)cc2)CC1,17070.0,active
CHEMBL1998302,O=C(O)c1ccc(NC2=C/C(=N/S(=O)(=O)c3ccccc3)c3ccccc3C2=O)cc1,17100.0,active
CHEMBL1363719,COc1cc(/C=C2\C(=O)NC(=O)N(c3ccccc3)C2=O)c([N+](=O)[O-])cc1OC,17300.0,active
CHEMBL1479103,Oc1cc2c(cc1O)C1c3ccc(O)c(O)c3OCC1(O)C2,17360.0,active
CHEMBL1563712,CN1C(=O)NC(=O)/C(=C/c2ccc([N+](=O)[O-])s2)C1=O,17400.0,active
CHEMBL3190974,Cc1cc(SCC(=O)N/N=C/c2ccc(O)c(O)c2O)c(C)cc1Br,17450.0,active
CHEMBL1497878,Cc1nc2nc(-c3cccs3)cn2nc1C,17560.0,active
CHEMBL4527753,N=C(N)NCCC[C@H](NC(=O)c1ccccc1)C(=O)N[C@@H](CCCCN)C(=O)N[C@@H]1CN(c2ccccc2)C1=O,17700.0,active
CHEMBL1710429,Cc1[nH]c2ccccc2c1C1=CC(=O)C=CC1=O,17730.0,active
CHEMBL1578299,O=C1NC(=O)C(=Cc2ccc(-c3ccccc3[N+](=O)[O-])o2)C(=O)N1,17830.0,active
CHEMBL1968273,Oc1c(Br)cc(Br)c(/C=N/n2c(S)nnc2-c2ccccc2)c1Br,17940.0,active
CHEMBL4854249,N/C(=N\O)c1cccc(-c2ccc3c(c2)c2cc(-c4cccc(/C(N)=N/O)c4)ccc2n3Cc2cccc(Br)c2)c1,18000.0,active
CHEMBL1364384,COc1ccc(OC)c(N2C(=O)C(Cl)=C(N3CCOCC3)C2=O)c1,18060.0,active
CHEMBL1331111,O=C(O)/C=C/C(=O)Nc1ccc(C2(c3ccc(NC(=O)/C=C/C(=O)O)cc3)c3ccccc3-c3ccccc32)cc1,18150.0,active
CHEMBL1495157,CCOC(=O)C1(C)C(N=Nc2cccc(Cl)c2)=C(O)C(=O)N1c1ccccc1,18380.0,active
CHEMBL1717890,O=C(NC1=CC(=O)c2ccccc2C1=O)c1ccccc1,18460.0,active
CHEMBL512216,Cn1c(=O)c2[nH]c(-c3ccccc3)c(O)c2n(C)c1=O,18500.0,active
CHEMBL1382785,O=C(O)c1ccccc1NS(=O)(=O)c1ccc(NN=C(S)Nc2ccc(OC(F)F)cc2)c([N+](=O)[O-])c1,18530.0,active
CHEMBL1485159,C[n+]1c2ccccc2nc2ccc(NCCO)cc21.[O-][Cl+3]([O-])([O-])[O-],18640.0,active
CHEMBL1519374,O=C1C(Cl)=C(Nc2ccc3c[nH]nc3c2)C(=O)c2ccccc21,18650.0,active
CHEMBL1497208,O=C1C(Cl)=C(N2CCOCC2)C(=O)N1c1ccccc1,18660.0,active
CHEMBL1594818,CCOc1cc(Br)cc(C(c2c(C(=O)O)[nH]c3ccccc23)c2c(C(=O)O)[nH]c3ccccc23)c1O,18710.0,active
CHEMBL1509826,COc1ccc(OC)c(N2C(=O)NC(=O)/C(=C/c3ccc([N+](=O)[O-])s3)C2=O)c1,18780.0,active
CHEMBL1340633,COc1cc(-c2ccc(Nc3ccccc3C(=O)O)c(OC)c2)ccc1Nc1ccccc1C(=O)O,18810.0,active
CHEMBL1703976,O=C1OC(c2ccc3ccccc3c2O)(c2ccc3ccccc3c2O)c2ccccc21,18990.0,active
CHEMBL4633636,CCCCCC(=O)N[C@H](C(=O)NCc1ccc(NC(=N)N)nc1)c1ccc(OCc2ccccc2)cc1.O=C(O)C(F)(F)F,19000.0,active
CHEMBL1990734,O=C(O)c1ccccc1N=N/C(=N/Nc1cc(S(=O)(=O)[O-])ccc1O)c1ccccc1.[Na+],19080.0,active
CHEMBL1899341,O=S(=O)(N=C1C=CC(=NS(=O)(=O)c2ccccc2)c2ccccc21)c1ccccc1,19140.0,active
CHEMBL1568333,N=C1/C(=C\c2ccc(OC(=O)c3ccc(F)cc3)cc2)C(=O)N=C2SC(N3CCOCC3)=NN12,19230.0,active
CHEMBL1467133,CC1=NN(c2ccccc2)C(=O)/C1=C\c1ccc(Oc2ccc([N+](=O)[O-])cc2[N+](=O)[O-])cc1,19290.0,active
CHEMBL1271266,O=S(=O)(O)c1cc(O)c2cc(Nc3ccccc3)ccc2c1,19410.0,active
CHEMBL1492926,CC1=NN(c2ccc(Cl)c(C(=O)O)c2)C(=O)/C1=C\c1ccc(-c2ccc(C(=O)O)cc2)o1,19440.0,active
CHEMBL1736648,O=C(O)c1cc(N2C(=O)C=CC2=O)cc(N2C(=O)C=CC2=O)c1,19590.0,active
CHEMBL1712082,CC1=C(O)C(=O)C=C2C1=CC=C1C2(C)CCC2(C)C3CC(C)(C(=O)O)CCC3(C)CCC12C,19660.0,active
CHEMBL1400214,O=C1NC(=O)C(=Cc2ccc(N3CCN(C(=O)c4ccccc4)CC3)c([N+](=O)[O-])c2)C(=O)N1,19810.0,active
CHEMBL1349676,COC(=O)CCC(=O)OC1(C)C(=O)C2=CN(CCCOC(C)C)C(c3ccc(OC)cc3)=CC2=C(Br)C1=O,19820.0,active
CHEMBL1404302,CCOc1cc(/C=C2\C(=O)NC(=O)N(C)C2=O)cc([N+](=O)[O-])c1O,19860.0,active
CHEMBL1380801,O=[N+]([O-])c1c(Nc2ccccn2)cc(Cl)c2nonc12,19980.0,active
CHEMBL4555617,COc1ccc(C[C@H]2C(=O)N[C@@H](Cc3ccccc3)C(=O)N[C@H](C(N)=O)CSCC(=O)N[C@@H](Cc3ccc(O)cc3)C(=O)N[C@@H]([C@@H](C)O)C(=O)N[C@@H](CC(N)=O)C(=O)N[C@@H](Cc3ccccc3)C(=O)N[C@@H](Cc3ccc(O)cc3)C(=O)N[C@@H](CC(C)C)C(=O)N[C@@H](Cc3ccc(O)cc3)C(=O)N3CCC[C@H]3C(=O)N[C@@H](Cc3ccc(O)cc3)C(=O)N2C)cc1,20000.0,active
CHEMBL4454475,CC[C@H](C)[C@@H]1NC(=O)CN(C)C(=O)[C@H](Cc2ccc(O)cc2)NC(=O)CSC[C@@H](C(N)=O)NC(=O)[C@@H]2CCCN2C(=O)[C@H]([C@@H](C)CC)NC(=O)[C@H](Cc2ccc(OC)cc2)N(C)C(=O)[C@H](Cc2ccc(OC)cc2)N(C)C(=O)[C@H](CC(N)=O)NC(=O)[C@H](Cc2ccc(O)cc2)NC(=O)[C@H](CCCCN)NC(=O)[C@H](C)NC1=O,20000.0,active
CHEMBL4589938,CC(C)C[C@@H]1NC(=O)[C@H]([C@@H](C)O)NC(=O)[C@H](Cc2ccc(O)cc2)NC(=O)CSC[C@@H](C(N)=O)NC(=O)[C@H](Cc2ccccc2)NC(=O)[C@H](Cc2ccccc2)NC(=O)[C@H]([C@@H](C)O)NC(=O)CN(C)C(=O)[C@H](CC(N)=O)NC(=O)[C@H](Cc2cnc[nH]2)NC(=O)[C@H](Cc2ccccc2)NC(=O)[C@@H]2CCCN2C1=O,20000.0,active
CHEMBL4451922,NCc1ccc(-c2cc(CNCC3CCNCC3)sc2-c2ccc(CN)cc2)cc1,20000.0,active
CHEMBL4538618,CC[C@H](C)[C@@H]1NC(=O)[C@H](C)NC(=O)[C@@H](Cc2ccc(O)cc2)NC(=O)CSC[C@@H](C(N)=O)NC(=O)[C@H](CC(N)=O)NC(=O)[C@H](CC(C)C)N(C)C(=O)[C@H](Cc2ccc(O)cc2)NC(=O)[C@H](CCCCN)NC(=O)[C@H](CC(N)=O)NC(=O)[C@H](Cc2ccc(O)cc2)NC(=O)[C@H](Cc2ccc(OC)cc2)N(C)C(=O)[C@H]([C@@H](C)CC)NC1=O,20000.0,active
CHEMBL1408705,O=C1NC(=S)N(c2ccccc2F)C(=O)/C1=C\c1cccs1,70330.0,inactive
CHEMBL1477046,Cc1ccc(S(=O)(=O)Nc2nc(-c3ccc(F)cc3)cs2)cc1,70560.0,inactive
CHEMBL3191474,Nc1scc2c(C(=O)N/N=C/c3ccc(Cl)cc3)nn(-c3ccccc3)c(=O)c12,70640.0,inactive
CHEMBL3198496,C/N=c1\scc(-c2cccs2)n1/N=C/c1ccc(O)c(O)c1O,70700.0,inactive
CHEMBL1599047,CC(C)c1ccc(Nc2ccc(C(=O)O)cc2[N+](=O)[O-])cc1,70710.0,inactive
CHEMBL1437854,Nc1c(C(=O)O)sc2nc(-c3ccccc3)cc(-c3ccc(Cl)cc3)c12,70750.0,inactive
CHEMBL173530,COc1cc(C)c2c(c1C=O)Oc1c(c(C)c(O)c3c1C(O)OC3=O)OC2=O,71170.0,inactive
CHEMBL1460650,CCOc1ccc(/C=C2\SC(=S)N(NS(=O)(=O)c3ccccc3)C2=O)cc1OC,71200.0,inactive
CHEMBL1346365,Cc1ccc(/C=C2\SC(NS(=O)(=O)c3cccs3)=NC2=O)cc1,71550.0,inactive
CHEMBL1407205,O=C(Nc1sc2c(c1C(=O)O)CCCC2)c1cccc(Cl)c1,71820.0,inactive
CHEMBL1327612,COc1cccc(/C=C/c2nc(O)nc(O)c2[N+](=O)[O-])c1O,72470.0,inactive
CHEMBL1590814,Cc1oc2c(C)c3oc(=O)c(CC(=O)N[C@@H](CC(C)C)C(=O)N[C@@H](Cc4ccccc4)C(=O)O)c(C)c3cc2c1C,72590.0,inactive
CHEMBL1532549,O=[N+]([O-])c1cccc(/C=C/c2nc(O)nc(O)c2[N+](=O)[O-])c1,72790.0,inactive
CHEMBL1482595,O=C(O)c1cc([N+](=O)[O-])c(NCCC2=CCCCC2)c([N+](=O)[O-])c1,72820.0,inactive
CHEMBL1585923,COc1cc(/C=C2\C(=O)N(c3ccc(S(N)(=O)=O)cc3)N=C2C)ccc1OC(=O)c1ccco1,73170.0,inactive
CHEMBL1462814,Nc1ncc(N=Nc2cc(C(=O)O)ccc2Cl)s1,73580.0,inactive
CHEMBL1402117,Oc1nc(S)nc2c1C(c1ccc(Br)cc1)c1c(O)nc(S)nc1O2,73710.0,inactive
CHEMBL1545646,CCOC(=O)c1c(C)oc2c1cc(NS(=O)(=O)c1ccc(C(=O)O)cc1)c1ccccc12,73840.0,inactive
CHEMBL1305450,COc1ccc2nc(-c3ccco3)c(-c3ccco3)nc2c1,73930.0,inactive
CHEMBL1561832,COc1ccc(/C=C2\C(=O)NC(=O)N(c3ccccc3)C2=O)cc1CN1C(=O)c2ccccc2C1=O,73950.0,inactive
CHEMBL1489865,CCCOc1ccc(C(=O)C2=C(O)C(=O)N(c3ccccn3)C2c2ccc(OC)cc2)cc1C,74340.0,inactive
CHEMBL1507443,COc1ccc(-c2csc(NC(=O)c3ccccc3Br)c2C(=O)O)cc1,74410.0,inactive
CHEMBL1575788,C#CCOc1c(/C=C\c2nc(O)c([N+](=O)[O-])c(O)n2)cc(Br)cc1OC,74450.0,inactive
CHEMBL1544403,COC(=O)c1c(Cl)c2n3ccccc3c(C)c(-c3ccccc3)c-2c1C(=O)OC,74490.0,inactive
CHEMBL1540330,CCOC(=O)c1c(NC(=O)/C=C/C(=O)O)sc(C)c1-c1ccc(C)c(C)c1,75130.0,inactive
CHEMBL1381243,CCCCn1c(NC(=O)c2ccc(Br)o2)c(S(=O)(=O)c2ccccc2)c2nc3ccccc3nc21,75370.0,inactive
CHEMBL179574,O=C(O)/C(=C\c1c(C(=O)O)[nH]c2cc(Cl)cc(Cl)c12)c1ccccc1,75490.0,inactive
CHEMBL1486827,O=C(Cc1cnn(-c2ccccc2)c1)c1ccc(O)c(O)c1O,75690.0,inactive
CHEMBL1416184,O=[N+]([O-])c1c(NCCO)cc(Sc2nc3ccccc3s2)c2nonc12,75850.0,inactive
CHEMBL1478635,COc1cc(/C=C2/SC(NS(=O)(=O)Cc3ccccc3)=NC2=O)c([N+](=O)[O-])cc1OC,76140.0,inactive
CHEMBL3199187,COC(=O)c1ccc(COc2ccccc2/C=N/Nc2cccc(C(=O)O)c2)cc1,76240.0,inactive
CHEMBL1411089,Cc1cc(C)c(S(=O)(=O)ON2C(=O)c3ccccc3C2=O)cc1C,76250.0,inactive
CHEMBL1699206,O=C(N/N=C/c1ccc(-c2ccc(S(=O)(=O)Nc3ncccn3)cc2)o1)c1cc2ccccc2cc1O,76450.0,inactive
CHEMBL1732365,CC1=C(SCc2ccccc2)C(=O)c2ccccc2C1=O,76750.0,inactive
CHEMBL1517389,Cc1ccc2c(c1Cl)NC(C(=O)O)C1CC(Sc3ccccc3[N+](=O)[O-])C(Cl)C21,76860.0,inactive
CHEMBL441433,O=C(O)c1cccc(N2C(=O)C=CC2=O)c1,76890.0,inactive
CHEMBL1967862,O=C1/C(=N\S(=O)(=O)c2ccc([N+](=O)[O-])cc2)C(Cl)=C(O)c2ccccc21,76910.0,inactive
CHEMBL1391737,O=C(NCc1ccccc1)c1sc(=S)n2c1[nH]c(=O)c1ccccc12,77000.0,inactive
CHEMBL1969088,CCOC(=O)c1c(/N=C/c2cccc([N+](=O)[O-])c2O)sc(C)c1C,77080.0,inactive
CHEMBL1541247,CCCCCCCCn1c(=O)c(C(=O)OCC)c(O)c2ccccc21,77170.0,inactive
CHEMBL1569215,O=C1NN(c2ccc(Cl)cc2)C(=O)/C1=C\c1ccc(-c2cccc(C(=O)O)c2)o1,77290.0,inactive
CHEMBL1453077,O=C(CCN1C(=O)/C(=C/c2ccccc2Cl)SC1=S)Nc1ccccc1C(=O)O,77730.0,inactive
CHEMBL1320111,COc1ccc(N2C(=O)C(Cl)=C(Nc3ccccc3O)C2=O)cc1,77960.0,inactive
CHEMBL1535670,COc1ccc(S(=O)(=O)CC(=O)c2cc3cccc(C)c3oc2=O)cc1,78100.0,inactive
CHEMBL1340229,Cc1ccc2cc(C=C3C(=O)NC(=O)NC3=O)c(O)nc2c1,78950.0,inactive
CHEMBL1539338,Cc1ccc(N2NC(=O)/C(=C/c3ccc(-c4ccc(Cl)c(C(=O)O)c4)o3)C2=O)cc1C,79100.0,inactive
CHEMBL1378223,Oc1cc(-n2cccn2)c(O)cc1-n1cccn1,79170.0,inactive
CHEMBL1424728,CC1(C)CC(=O)C(C(c2ccc(Br)cc2)C2C(=O)CC(C)(C)CC2=O)C(=O)C1,79270.0,inactive
CHEMBL1503793,CC(C(=O)Nc1ccc(C(=O)O)c(O)c1)N1C(=O)/C(=C\c2ccco2)SC1=S,79430.0,inactive
CHEMBL1431163,CN(C)S(=O)(=O)c1cccc(-c2nn(-c3ccccc3)cc2/C=C2\SC(=S)N(CC(=O)O)C2=O)c1,79540.0,inactive
CHEMBL1477708,COc1cc(/C=C2\C(=N)N3N=C(N4CCOCC4)SC3=NC2=O)ccc1OC(=O)c1ccccc1,80140.0,inactive
CHEMBL1348345,CCCCNC(=O)c1ccc2nc(-c3ccco3)c(-c3ccco3)nc2c1,80380.0,inactive
CHEMBL1479843,C#CCOc1ccc(/C=C2/C(=O)ON=C2C)cc1Br,80670.0,inactive
CHEMBL1532491,O=c1oc2ccccc2c(O)c1[C@H]1c2ccc(O)cc2Oc2c1c(=O)oc1ccccc21,80720.0,inactive
CHEMBL1444119,O=C(O)/C(=C\c1ccc(Cl)c([N+](=O)[O-])c1)c1ccc(S(=O)(=O)N2CCCCC2)s1,81430.0,inactive
CHEMBL1382399,COC(=O)C1=C(C(=O)OC)C(c2cc(Br)ccc2O)c2sc(O)nc2S1,81560.0,inactive
CHEMBL1408494,Cc1cc(NS(=O)(=O)c2ccc(NC(=O)CSc3nc(O)c4c(C)c(C)sc4n3)cc2)no1,81860.0,inactive
CHEMBL1327816,O=C1C(=O)c2c(C(=O)c3ccccc3)coc2-c2ccccc21,82290.0,inactive
CHEMBL1352170,Cc1c(N=C2C=C(Br)C(=O)C(Br)=C2)c(=O)n(-c2ccccc2)n1C,82480.0,inactive
CHEMBL1466466,O=C(O)c1cccc(CN2C(=O)S/C(=C/c3cccc([N+](=O)[O-])c3)C2=O)c1,83210.0,inactive
CHEMBL1375820,CCc1ccccc1N1C(=O)C(Cl)=C(N2CCOCC2)C1=O,83230.0,inactive
CHEMBL1392332,O=C1OC(c2ccccc2)C(C(=O)c2ccc(Cl)cc2)=C1O,83440.0,inactive
CHEMBL1968789,C=CC/N=c1\scc(-c2ccco2)n1/N=C/c1ccc(O)c(O)c1O,83790.0,inactive
CHEMBL1556267,Cc1cc[n+](-c2[n-]c(=O)sc2C=NNC(=O)c2ccncc2)cc1,83850.0,inactive
CHEMBL1493697,Cc1ccc(C(c2c(O)n3c(nc2=O)SCC3)c2c(O)n3c(nc2=O)SCC3)cc1,84200.0,inactive
CHEMBL1579562,O=C1C(Cl)=C(N2CCCC2)C(=O)N1c1ccccc1F,84400.0,inactive
CHEMBL1514916,CC(C)c1cc2c(c(O)c1O)[C@@]13CCCC(C)(C)C1CC2OC3=O,84430.0,inactive
CHEMBL3145017,CCc1c(C)[nH]n(-c2ccc(Oc3ccccc3)c(S(=O)(=O)O)c2)c1=O,84480.0,inactive
CHEMBL1335165,CSC(SC)=C(C#N)C(=O)c1ccccc1,84640.0,inactive
CHEMBL1543897,C#CCOc1c(Br)cc(/C=C2/C(=O)ON=C2C)cc1OCC,84740.0,inactive
CHEMBL1393512,CN1C(=O)NC(=O)/C(=C/c2ccc(C(=O)O)cc2)C1=O,85120.0,inactive
CHEMBL1411221,COc1cc(NC(=O)CSc2ncnc3sc4c(c23)CCC(C)C4)c(C(=O)O)cc1OC,86030.0,inactive
CHEMBL1409603,O=C(NCCCO)c1ccc2nc(-c3ccco3)c(-c3ccco3)nc2c1,86220.0,inactive
CHEMBL1985591,CC(=O)Oc1oc(-c2ccccc2)nc1/C=N/c1ccccc1,86350.0,inactive
CHEMBL1584752,CCOC(=O)C1=C(Cc2ccc(F)cc2)C(=O)c2ccccc2C1=O,86400.0,inactive
CHEMBL3145018,Cc1[nH]n(-c2ccccc2)c(=O)c1C(c1ccccc1[N+](=O)[O-])C(C#N)C#N,86410.0,inactive
CHEMBL1491562,CCN(CC)C(=O)c1ccc2c(c1)C1C=CCC1C(C(=O)O)N2,86720.0,inactive
CHEMBL1564253,O=c1oc2c3c4c(cc2s1)CCCN4CCC3,86720.0,inactive
CHEMBL1449334,CSc1nnc(-c2ccco2)c(-c2ccco2)n1,86840.0,inactive
CHEMBL1487959,O=C(O)CN1C(=O)/C(=C\c2ccccc2OCc2ccc(Cl)cc2Cl)SC1=S,87610.0,inactive
CHEMBL1324406,COc1cc(C(C2C(=O)CC(C)(C)CC2=O)C2C(=O)CC(C)(C)CC2=O)cc(OC)c1OC,87670.0,inactive
CHEMBL1428078,COc1cc(/C=C2/SC(=S)N(CC(=O)O)C2=O)ccc1OC(=O)c1cccs1,88320.0,inactive
CHEMBL1714348,O=C1C(=NO)CCc2ccccc21,88580.0,inactive
CHEMBL3193639,Cc1c(/N=C2\C=CC(=O)c3ccccc32)c(=O)n(-c2ccccc2)n1C,88590.0,inactive
CHEMBL3197999,Cc1ccc(-c2ccc(/C=N/NC3=NC(=O)C(CC(=O)O)S3)o2)c([N+](=O)[O-])c1,88630.0,inactive
CHEMBL1335410,CCC1(C)Cc2c(sc3[nH]c(=O)[nH]c(=O)c23)CS1,88670.0,inactive
CHEMBL3191602,O=C(O)CC1SC(N/N=C/c2ccc(-c3ccccc3[N+](=O)[O-])o2)=NC1=O,88970.0,inactive
CHEMBL1533464,O=C(O)c1ccc(-n2nc(C(F)(F)F)c3c2-c2ccoc2CC3)cc1,89040.0,inactive
CHEMBL1891071,CC(=O)N1CCc2c(sc(NC(=O)c3ccc([N+](=O)[O-])o3)c2C(N)=O)C1,89340.0,inactive
CHEMBL1708363,Cc1cc(O)c(C(C)C)cc1N=Cc1ccc([N+](=O)[O-])cc1,90050.0,inactive
CHEMBL187460,C[C@H]1COC2=C1C(=O)C(=O)c1c2ccc2c1CCCC2(C)C,90060.0,inactive
CHEMBL1453783,COC/C=C/C1=CC2=CC(=O)C(C)(OC(=O)C3CCCC3)C(=O)C2=CO1,90170.0,inactive
CHEMBL1576509,COc1ccccc1/C=C1/C(=O)N(c2ccccc2)N=C1C,90210.0,inactive
CHEMBL1368398,CCOC(=O)c1sc(N2N=C(C)/C(=C\c3ccc(OCC(=O)OC)cc3)C2=O)nc1C,90690.0,inactive
CHEMBL3392068,N#Cc1c(N)sc(=S)c2c1CCCC2,90800.0,inactive
CHEMBL1546228,O=C1C=CC(=NNc2ccccc2)C=CC1=O,91240.0,inactive
CHEMBL1382439,O=C(CCN1C(=O)S/C(=C/c2ccccc2)C1=O)Nc1ccc(O)c(C(=O)O)c1,91590.0,inactive
CHEMBL1423198,Cc1n[nH]c(O)c1C(c1ccc(-c2ccc(C(=O)O)cc2)o1)c1c(C)n[nH]c1O,91840.0,inactive
CHEMBL1550841,O=S(=O)(Nc1nc2ccccc2nc1NCc1ccco1)c1ccc(Cl)cc1,91920.0,inactive
CHEMBL1416451,Cc1cc(C)cc(NC(=S)N(Cc2ccc(Cl)cc2)Cc2ccc(C(=O)O)cc2)c1,92100.0,inactive
CHEMBL1426440,COC(=O)[C@@H]1[C@@H](C#N)C2(c3ccccc3-c3ccccc32)N(c2ccc(Cl)cc2)N1C#N,92390.0,inactive
CHEMBL1438567,Cc1ccc(CNc2ccc(O)cc2)cc1,92460.0,inactive
CHEMBL1462469,COc1ccc(-c2csc(NC(=O)CSc3nc(C)nc4sc(C(=O)O)c(C)c34)n2)cc1,92680.0,inactive
CHEMBL1438240,CCOc1c(Cl)cc(CNc2ccc(N3CCCC3)cc2)cc1OC,93160.0,inactive
CHEMBL1459563,COC(=O)C1=C(C(=O)OC)C(c2ccccc2O)c2sc(O)nc2S1,93230.0,inactive
CHEMBL3196320,O=C1CCC/C(=N/Nc2ccc(Cl)cc2)C1,93270.0,inactive
CHEMBL1372387,O=C(O)CSc1cc(C(=O)c2ccccc2O)cn2c(=O)c3c4c(sc3nc12)CCCC4,94140.0,inactive
CHEMBL1568897,Cc1cccc(CS(=O)(=O)c2ncc(Cl)c(C(=O)Nc3nnc(C(C)C)s3)n2)c1,94260.0,inactive
CHEMBL2007419,C/C(CC(c1ccccc1)c1c(O)oc2ccccc2c1=O)=N\Nc1ccc([N+](=O)[O-])cc1[N+](=O)[O-],94420.0,inactive
CHEMBL1525702,CC(=O)C1=C(O)C(=O)N(c2cc(C(C)(C)C)on2)C1c1ccc(C(C)C)cc1,95270.0,inactive
CHEMBL1558051,COc1ccc(/C=C2\C(=O)ON=C2c2ccccc2)cc1OC,95440.0,inactive
CHEMBL1613608,O=C(O)c1ccc(NS(=O)(=O)c2ccc3c(c2)C(=O)c2cc(S(=O)(=O)Nc4ccc(C(=O)O)cc4)ccc2-3)cc1,95910.0,inactive
CHEMBL1431075,CC(C)c1nnc(NC(=O)c2nc(S(=O)(=O)Cc3ccc(F)cc3)ncc2Cl)s1,95980.0,inactive
CHEMBL1717449,Nc1c(Br)cc(Br)c2c1C(=O)c1c(cccc1S(=O)(=O)O)C2=O,96110.0,inactive
CHEMBL1566197,Cc1ccc(S(=O)(=O)ON2C(=O)c3ccccc3C2=O)c(C)c1,96250.0,inactive
CHEMBL1546136,Cc1cccc(NC(=O)CSc2nnc(-c3ccco3)c(-c3ccco3)n2)c1C,96320.0,inactive
CHEMBL3195434,COc1c(OC(C)=O)ccc(/C=N\NC(=O)c2ccc(Br)cc2)c1[N+](=O)[O-],96500.0,inactive
CHEMBL1703812,COC1C=COC2(C)Oc3c(C)c(O)c4c(O)c(c(CN5CCN(C)CC5)c(O)c4c3C2=O)NC(=O)C(C)=CC=CC(C)C(O)C(C)C(O)C(C)C(OC(C)=O)C1C,96620.0,inactive
CHEMBL1387631,C#CCOc1ccc(/C=C2/C(=O)ON=C2C)cc1Cl,97080.0,inactive
CHEMBL1377465,COc1cc(CN2CCCC(C(=O)c3ccc4c5c(cccc35)CC4)C2)cc(OC)c1O,97690.0,inactive
CHEMBL1336916,COc1ccccc1-c1cc(C(=O)Nc2sc3c(c2C#N)CCC(C)C3)c2ccccc2n1,97810.0,inactive
CHEMBL3196491,Cc1ccc(C)c(S(=O)(=O)/N=C2\C=C(NS(=O)(=O)c3ccccc3)C(=O)c3ccccc32)c1,97850.0,inactive
CHEMBL4533598,O=C(Nc1cccs1)c1ccccc1Sc1ccc([N+](=O)[O-])cc1,98000.0,inactive
CHEMBL1492106,CC(C)OP(=O)(OC(C)C)C1(NS(=O)(=O)c2ccc(Cl)cc2)C=C(Cl)C(=O)C(Cl)=C1,99280.0,inactive
CHEMBL1543611,c1coc(-c2nc3nc4ccccc4n3nc2-c2ccco2)c1,99300.0,inactive
CHEMBL1598944,COc1ccc(/C=C2\C(=O)NC(=O)N(c3ccc(C)c(C)c3)C2=O)cc1CN1C(=O)c2ccccc2C1=O,99510.0,inactive
CHEMBL1534470,O=Cc1cc(N=Nc2cccc(C(=O)O)c2)ccc1O,99550.0,inactive
CHEMBL1427750,O=C1NC(=S)N/C1=C/C=C/c1ccccc1,99770.0,inactive
CHEMBL1471546,COC(=O)C1=C(C(=O)OC)C(c2cc(Cl)ccc2O)c2sc(O)nc2S1,100000.0,inactive
CHEMBL1570535,COc1ccccc1/C=C1/C(=O)ON=C1C,100000.0,inactive
CHEMBL1998429,Cc1ccc(C(=O)N/N=C/c2ccc(-c3ccc(Br)cc3[N+](=O)[O-])o2)o1,100000.0,inactive
CHEMBL305978,c1coc(-c2nc3ccccc3nc2-c2ccco2)c1,100000.0,inactive
CHEMBL3195827,COc1ccccc1NC1=C(NC(C)=O)C(=O)c2ccccc2C1=O,100000.0,inactive
CHEMBL1328567,O=C1C(O)=C(O)C(=O)c2ccccc21,100000.0,inactive
CHEMBL1431490,O=C(CSc1nnc(-c2ccco2)c(-c2ccco2)n1)Nc1ccccc1,100000.0,inactive
CHEMBL1313324,O=C(O)CCN1C(=O)/C(=C/c2ccc(-c3nc4ccccc4s3)o2)SC1=S,100000.0,inactive
CHEMBL1571258,O=C1NC(=O)C(=Cc2ccc(Sc3ccccc3)o2)C(=O)N1,100000.0,inactive
CHEMBL1902287,CC(Cc1ccc(O)cc1)NCC(O)c1ccc(O)c(O)c1.O=C(O)c1ccccc1,100000.0,inactive
CHEMBL1403191,CCC(=O)OC1(C)C(=O)C2=COC(c3ccc(OC)cc3)=CC2=C(Br)C1=O,100000.0,inactive
CHEMBL1390702,CSC1=NSC2=NC(=O)/C(=C\c3c[nH]c4ccccc34)C(=N)N12,100000.0,inactive
CHEMBL3216654,COc1cc(NCCCC(C)N)c2ncccc2c1.Cl.Cl,100000.0,inactive
CHEMBL1383611,C=CCOc1c(Br)cc(/C=C2/C(=O)ON=C2C)cc1OC,100000.0,inactive
CHEMBL1313262,Oc1ccc(N=Nc2ccccc2-c2nn[nH]n2)c(O)c1,100000.0,inactive
CHEMBL3197557,Cc1nc2ccccc2c(=O)n1/N=C/c1ccc(O)c(O)c1O,100000.0,inactive
CHEMBL1581086,CCc1ccc(Nc2ccc(C(=O)O)cc2[N+](=O)[O-])cc1,100000.0,inactive
CHEMBL1432739,C#CCOc1ccccc1/C=C1/C(=O)ON=C1C,100000.0,inactive
CHEMBL1383455,CCn1nc([N+](=O)[O-])c(C(C#N)c2nc3ccccc3n2C)c(Cl)c1=O,100000.0,inactive
CHEMBL1429799,O=C1NN(c2ccccc2)C(=O)/C1=C\c1ccccc1OCC(=O)N1CCOCC1,100000.0,inactive
CHEMBL1581158,O=C1CCNc2cc3ccccc3cc21,100000.0,inactive
CHEMBL1533094,O=C1NN(c2cccc(Br)c2)C(=O)/C1=C\c1ccc(O)cc1,100000.0,inactive
CHEMBL1735864,O=C(O)C(Cc1ccccc1)N1C(=O)C=CC1=O,100000.0,inactive
CHEMBL1589086,O=C1NC(=O)C(=Cc2coc3ccccc3c2=O)C(=O)N1,100000.0,inactive
CHEMBL1373390,O=C(O)c1ccc2c(c1Nc1ccccc1)C(=O)c1ccccc1C2=O,100000.0,inactive
CHEMBL1904459,Cc1ccccc1C(=O)Nc1cccc(C(=O)N/N=C/c2cc(Cl)cc([N+](=O)[O-])c2O)c1,100000.0,inactive
CHEMBL1351902,Cc1c(N)cc(N)cc1C(=O)O,100000.0,inactive
CHEMBL1994988,O=[N+]([O-])c1cc(Cl)cc(/C=N/NC(=S)Nc2ccc(S(=O)(=O)N3CCOCC3)cc2)c1O,100000.0,inactive
CHEMBL1598439,CCC(=O)OC1(C)C(=O)C=C2C=C(C3CC3)OC=C2C1=O,100000.0,inactive
CHEMBL1402954,CCOc1c(Br)cc(/C=C2\C(=O)N(CCC#N)N=C2C)cc1OC,100000.0,inactive
CHEMBL1311811,C#CCOc1c(Cl)cc(/C=C2/C(=O)ON=C2C)cc1OCC,100000.0,inactive
CHEMBL1304402,CN1CCN(C(c2ccccn2)c2cc(Cl)c3cccnc3c2O)CC1,100000.0,inactive
CHEMBL1335615,NS(=O)(=O)c1ccc(N=Nc2c(O)c(C(=O)O)cc3ccccc23)cc1,100000.0,inactive
CHEMBL1330109,Cc1ccc(C(=O)c2no[n+]([O-])c2C(=O)c2ccc(C)cc2)cc1,100000.0,inactive
CHEMBL1715126,Cc1cc(O)c(C(C)C)cc1N=Cc1ccc(N(C)C)cc1,100000.0,inactive
CHEMBL1312739,COc1cc(/C=C2/C(=O)NC(=O)N(c3ccccc3)C2=O)ccc1O,100000.0,inactive
CHEMBL1528294,CCc1ccc(S(=O)(=O)ON2C(=O)c3ccccc3C2=O)cc1,100000.0,inactive
CHEMBL1423709,Cn1cccc1/C=C1/C(=O)NC(=S)N(Cc2ccc(F)cc2)C1=O,100000.0,inactive
CHEMBL1714283,Cc1cc(O)c(C(C)C)cc1N=Cc1ccccc1[N+](=O)[O-],100000.0,inactive
CHEMBL1541889,O=C(NNc1ccc(O)cc1)c1ccc(Br)cc1,100000.0,inactive
CHEMBL1344289,COCCNC(=O)c1c(NC(=O)c2ccco2)n(Cc2ccccc2)c2nc3ccccc3nc12,100000.0,inactive
CHEMBL1559165,CSc1sccc1/C=C(/C#N)C(=O)c1ccco1,100000.0,inactive
CHEMBL581225,O=C1c2ccc3c4c(ccc(c24)C(=O)N1CCCCO)C(=O)N(CCCCO)C3=O,100000.0,inactive
CHEMBL1431570,Cc1ccc(/C=C2/C(=O)NC(=O)N(CC3CCCO3)C2=O)s1,100000.0,inactive
CHEMBL1711432,COc1cc(NCCCCCCN)c2ncccc2c1OC,100000.0,inactive
CHEMBL234338,O=c1cc(-c2ccc(O)cc2)oc2c(O)c(O)c(O)c(O)c12,100000.0,inactive
CHEMBL1406745,Cc1ccc(C2C(C(=O)c3ccc(Br)cc3)=C(O)C(=O)N2Cc2ccco2)o1,100000.0,inactive
CHEMBL1365198,COC/C=C/C1=CC2=CC(=O)C(C)(OC(=O)c3cnc4ccccc4n3)C(=O)C2=CN1C1CC1,100000.0,inactive
CHEMBL1410383,COC(=O)CCC(=O)OC1(C)C(=O)C2=CN(C3CC3)C(c3ccc(OC)cc3)=CC2=C(Br)C1=O,100000.0,inactive
CHEMBL1375750,C#CCOc1ccc(/C=C2/C(=O)ON=C2C)cc1OCC,100000.0,inactive
CHEMBL1570573,CC1(OC(=O)c2ccco2)C(=O)C=C2C=C(C3CC3)OC=C2C1=O,100000.0,inactive
CHEMBL1381627,COc1cc(-c2nnc(SCc3cc(=O)oc4cc(O)c(O)cc34)o2)cc(OC)c1OC,100000.0,inactive
CHEMBL1559687,COc1cc(/C=C2/C(=O)NN(c3ccc(F)cc3)C2=O)cc([N+](=O)[O-])c1O,100000.0,inactive
CHEMBL1509648,Cc1ccc(/C=C/C(=O)Nc2ccc([N+](=O)[O-])c(NC(=O)/C=C/c3ccc(C)o3)c2)o1,100000.0,inactive
CHEMBL1449785,COC(=O)CCC(=O)OC1(C)C(=O)C2=CN(c3ccccc3)C(c3ccc(OC)cc3)=CC2=C(Br)C1=O,100000.0,inactive
CHEMBL1878916,O=C(O)CN1C(=O)C=CC1=O,100000.0,inactive
CHEMBL1344491,CCCc1nnc(NC(=O)c2nc(S(=O)(=O)Cc3cccc(C)c3)ncc2Cl)s1,100000.0,inactive
CHEMBL3211294,CC1/C(=N\Nc2ccc([N+](=O)[O-])cc2[N+](=O)[O-])CCC1(C(=O)O)c1ccccc1,100000.0,inactive
CHEMBL1469463,Cc1ccccc1N1C(=O)NC(=O)/C(=C\c2cnn(-c3ccccc3)c2)C1=O,100000.0,inactive
CHEMBL1311185,O=C(Nc1ccccc1)C1=C(c2ccccc2)S(=O)(=O)CCS1(=O)=O,100000.0,inactive
CHEMBL1609490,O=[N+]([O-])c1ccc(-[n+]2ccc3ccccc3c2)c([N+](=O)[O-])c1.[Cl-],100000.0,inactive
CHEMBL1441315,Cc1cc(S(=O)(=O)ON2C(=O)c3ccccc3C2=O)ccc1F,100000.0,inactive
CHEMBL1401639,COc1cc(C2C(C#N)=C(N)OC3=C2C(=O)CC(C)(C)C3)c([N+](=O)[O-])cc1OC,100000.0,inactive
CHEMBL1550490,CCOC(=O)c1ccc(NC2=CC(=O)C(=O)c3ccccc32)cc1,100000.0,inactive
CHEMBL1341870,CC(C)c1nnc(NC(=O)c2nc(S(=O)(=O)Cc3ccccc3)ncc2Cl)s1,100000.0,inactive
CHEMBL1604350,Cc1ccc(CS(=O)(=O)c2ncc(Cl)c(C(=O)Nc3nnc(C(C)C)s3)n2)cc1,100000.0,inactive
CHEMBL1529115,Cc1ccc(NC(=O)C2=C(c3ccccc3)S(=O)(=O)CCS2(=O)=O)cc1,100000.0,inactive
CHEMBL3193823,CCCOc1ccc(C(=O)N/N=C/c2ccc(-c3ccc(S(=O)(=O)Nc4ncccn4)cc3)o2)cc1,100000.0,inactive
CHEMBL1332481,O=C1CNC(=O)/C1=C/c1ccc(Br)cc1,100000.0,inactive
CHEMBL1476442,O=C(O)CCc1ccc(-c2ccc(Br)cc2)n1-c1ccc(O)cc1,100000.0,inactive
CHEMBL1494334,Br.Cc1nn(CCc2nc(-c3ccco3)cs2)c2nc(O)cc(C(F)(F)F)c12,100000.0,inactive
CHEMBL1612887,C=CCOc1ccc(/C=C2/C(=O)ON=C2C)cc1OCC,100000.0,inactive
CHEMBL1523512,COc1ccc2c([N+](=O)[O-])c(Cl)[nH]c2c1,100000.0,inactive
CHEMBL1302213,O=C(CS(=O)(=O)c1ccccc1)c1cc2cc(F)ccc2oc1=O,100000.0,inactive
CHEMBL1606907,O=C(CCN1C(=O)/C(=C\c2ccco2)SC1=S)Nc1ccc(C(=O)O)c(O)c1,100000.0,inactive
CHEMBL1386872,Cc1ccc(C)c(S(=O)(=O)Nc2ccccc2C(=O)Nc2ccc(S(=O)(=O)Nc3ncccn3)cc2)c1,100000.0,inactive
CHEMBL1428278,Cc1sc2nc3ccc(NCc4ccco4)nn3c(=O)c2c1C,100000.0,inactive
CHEMBL1400929,CC(=O)Nc1ccc(S(=O)(=O)Nc2nc3ccccc3nc2Nc2ccc(C(=O)O)c(O)c2)cc1,100000.0,inactive
CHEMBL1521945,Cc1ccc2c(c1)C(=O)C(=O)N2CCCOc1ccccc1C,100000.0,inactive
CHEMBL44664,Cc1ccc(C(=O)/C=C/C(=O)O)cc1,100000.0,inactive
CHEMBL1302328,Cc1cc(C(=O)O)ccc1-c1ccc(/C=C2\NC(=O)N(Cc3ccc(F)cc3)C2=O)o1,100000.0,inactive
CHEMBL1496458,CCCCC1=CC2=CC(=O)C(C)(OC(=O)CC)C(=O)C2=CN1Cc1ccc(OC)cc1,100000.0,inactive
CHEMBL1302460,Cc1ccc(NC(=O)C(=Cc2ccc(C(=O)O)cc2)C(=O)Nc2ccc(C)cc2C)c(C)c1,100000.0,inactive
CHEMBL1409585,O=C1/C(=C/c2ccc(C(=O)O)cc2)CCC/C1=C\c1ccc(C(=O)O)cc1,100000.0,inactive
CHEMBL1504429,CC(=O)OCCCNc1cc(Sc2nc3ccccc3s2)c2nonc2c1[N+](=O)[O-],100000.0,inactive
CHEMBL1578345,O=C(COc1cccnc1[N+](=O)[O-])c1ccc(Cl)s1,100000.0,inactive
CHEMBL1386851,COc1cc(C(=S)N2CCN(c3ccccc3Cl)CC2)cc(O)c1O,100000.0,inactive
CHEMBL1529471,CC(C(=O)Nc1ccc(O)c(C(=O)O)c1)N1C(=O)/C(=C/c2ccco2)SC1=S,100000.0,inactive
CHEMBL1360525,O=C(O)c1cc([N+](=O)[O-])c(Sc2nc3ccccc3[nH]2)c([N+](=O)[O-])c1,100000.0,inactive
CHEMBL1871771,C#CCOc1ccc(/C=C2/C(=O)N(c3ccc(S(N)(=O)=O)cc3)N=C2C)cc1OC,100000.0,inactive
CHEMBL1410562,Cc1nn(Cc2ccccc2)c2c1C(c1cccc(Cl)c1)C(C#N)=C(N)O2,100000.0,inactive
CHEMBL1459167,Cc1nn(-c2ccccc2)c2c1C(c1cccs1)C(C#N)=C(N)O2,100000.0,inactive
CHEMBL3199328,Oc1ccc(/C=N/NP(=S)(c2ccccc2)c2ccccc2)c(O)c1O,100000.0,inactive
CHEMBL1347659,O=C(O)Cn1cc(C=C2C(=O)NC(=O)NC2=O)c2ccccc21,100000.0,inactive
CHEMBL1420416,COc1cc(/C=C2\SC(=S)N(C(C(=O)O)c3ccccc3)C2=O)cc(OC)c1OC,100000.0,inactive
CHEMBL394197,Cc1n[nH]c(O)c1C(c1ccc(-c2ccc(Cl)c(C(=O)O)c2)o1)c1c(C)n[nH]c1O,100000.0,inactive
CHEMBL1517374,Cc1ccc(O)c(NC2=C(Cl)C(=O)N(Cc3ccccc3)C2=O)c1,100000.0,inactive
CHEMBL1337235,CS(=O)(=O)c1ncc(Cl)c(C(=O)Nc2ccc(N3CCOCC3)cc2)n1,100000.0,inactive
CHEMBL1487033,COc1cccc(/C=C2/C(=O)NN(c3ccc(C)c(C)c3)C2=O)c1,100000.0,inactive
CHEMBL1607313,COc1ccc2[nH]c3c4c(ccc3c2c1)C(=O)C=CC4=O,100000.0,inactive
CHEMBL1380356,O=C(O)COc1ccccc1/C=C1\C(=O)NC(=O)N(CCC2=CCCCC2)C1=O,100000.0,inactive
CHEMBL1529705,O=C1Nc2ccc(F)cc2C12Nc1ccccc1-c1nnc(SCc3ccccc3Cl)nc1O2,100000.0,inactive
CHEMBL1703892,O=C1/C(=C\c2ccc([N+](=O)[O-])cc2)CS(=O)(=O)C/C1=C/c1ccc([N+](=O)[O-])cc1,100000.0,inactive
CHEMBL1331561,O=C1c2ccccc2C(=O)N1OS(=O)(=O)c1ccc(F)cc1,100000.0,inactive
CHEMBL1979957,COCC/N=c1\scc(-c2cccs2)n1/N=C/c1ccc(O)c(O)c1O,100000.0,inactive
CHEMBL3196993,O=C(Cc1csc(N2CCOCC2)n1)N/N=C/c1ccc(O)c(O)c1O,100000.0,inactive
CHEMBL1347107,COC(=O)c1ccc(-c2ccc(C(c3c(C)n[nH]c3O)c3c(C)n[nH]c3O)o2)cc1,100000.0,inactive
CHEMBL1538460,O=C(O)/C=C/C(=O)c1ccc(O)cc1,100000.0,inactive
CHEMBL1340284,O=C(O)/C=C/C(=O)c1c(-c2ccccc2)[nH]c2ccccc12,100000.0,inactive
CHEMBL1538622,N#C/C(=C\c1cccs1)C(=O)c1ccccc1,100000.0,inactive
CHEMBL1332506,O=C1NN(c2ccccc2)C(=O)/C1=C/c1ccc(-c2ccc(C(=O)O)cc2)o1,100000.0,inactive
CHEMBL1421193,CC(C)(C)OC(=O)N1CC=C2C(C#N)=C(N)C(C#N)(C#N)[C@H](c3cccnc3)[C@H]2C1,100000.0,inactive
CHEMBL1499491,COc1ccc(Cl)cc1/C=C1/C(=O)ON=C1C,100000.0,inactive
CHEMBL2001761,Oc1ccc(/C=N/N2CCCCC2)c(O)c1O,100000.0,inactive
CHEMBL1428710,COc1ccccc1N1C(=O)NC(=O)/C(=C\c2cnn(-c3ccccc3)c2)C1=O,100000.0,inactive
CHEMBL3194086,O=C1C=C(Nc2ccccc2C(=O)O)c2ccccc2C1=O,100000.0,inactive
CHEMBL118175,C/C(=N/Nc1ccc(C(=O)O)cc1)c1ccc(O)c(O)c1O,100000.0,inactive
CHEMBL1454835,Cc1ccc(N2C(=O)NC(=O)/C(=C\c3cc(C)n(-c4ccc(C(=O)O)cc4)c3C)C2=O)cc1,100000.0,inactive
CHEMBL1524427,COC(=O)c1c(C)c2c(C)cc3ccccn3c-2c1C(=O)OC,100000.0,inactive
CHEMBL1374123,Cc1cc(N2C(=O)C(O)=C(C(=O)c3ccc(C)o3)C2c2ccc(OCc3ccccc3)cc2)no1,100000.0,inactive
CHEMBL1570267,O=C(O)c1cc(/C=C/C(=O)c2cc(F)ccc2O)c2c(c1)COCO2,100000.0,inactive
CHEMBL285527,O=S(=O)(O)c1cccc2cccc(Nc3ccccc3)c12,100000.0,inactive
CHEMBL187266,Cc1coc2c1C(=O)C(=O)c1c-2ccc2c1CCCC2(C)C,100000.0,inactive
CHEMBL1494242,COc1cc(/C=C2/C(=N)N3C(c4ccccc4)=CSC3=NC2=O)ccc1OCC(=O)O,100000.0,inactive
CHEMBL1318817,COc1cc(N=c2ssnc2Cl)c(OC)cc1Cl,100000.0,inactive
CHEMBL1503852,O=C(CN1C(=O)/C(=C/c2ccco2)SC1=S)Nc1ccc(O)c(C(=O)O)c1,100000.0,inactive
CHEMBL1581683,O=C(O)CCC(=O)NCCc1c(/C=C2/C(=O)NC(=S)N(Cc3ccc(F)cc3)C2=O)[nH]c2ccccc12,100000.0,inactive
CHEMBL1542987,O=S(=O)([O-])CCC[n+]1c(SCCCS(=O)(=O)O)sc2ccc(Cl)cc21,100000.0,inactive
CHEMBL1555532,N#Cc1c([N+](=O)[O-])cc([N+](=O)[O-])cc1S(=O)(=O)Cc1ccccc1,100000.0,inactive
CHEMBL1336283,Cc1ccc(NC(S)=NNc2ccc([N+](=O)[O-])cc2S(=O)(=O)Nc2ccccc2C(=O)O)cc1C,100000.0,inactive
CHEMBL1598985,CCc1nnc(NC(=O)c2nc(S(=O)(=O)Cc3ccccc3)ncc2Cl)s1,100000.0,inactive
CHEMBL1443706,Cl.O=C(NCC(c1cccs1)N1CCOCC1)c1ccccc1NS(=O)(=O)c1ccc(Cl)c([N+](=O)[O-])c1,100000.0,inactive
CHEMBL3197153,C/C(=N\Nc1cccc(C(=O)O)c1)c1ccc2c(c1)Nc1ccccc1S2,100000.0,inactive
CHEMBL1464233,C#CCOc1c(Br)cc(/C=C2/C(=O)ON=C2C)cc1OC,100000.0,inactive
CHEMBL1490987,CCCc1nnc(NC(=O)c2nc(S(=O)(=O)Cc3ccc(C)cc3)ncc2Cl)s1,100000.0,inactive
CHEMBL1589514,COc1ccc(N2C(=O)/C(=C/c3ccco3)C(=O)NC2=S)cc1,100000.0,inactive
CHEMBL1408395,Cc1ccc2c(c1)c(=O)c1c3n2CCN(C(=O)CCl)C3CC1,100000.0,inactive
CHEMBL1464107,Cc1nn(-c2cccc(Cl)c2)c2nc(-c3ccco3)cc(C(=O)O)c12,100000.0,inactive
CHEMBL1589453,COc1ccc(S(=O)(=O)CC(=O)c2cc3cc(Br)ccc3oc2=O)cc1,100000.0,inactive
CHEMBL1433028,O=C(O)/C=C/C(=O)c1ccc2c(c1)NC(=O)CO2,100000.0,inactive
CHEMBL1546134,CC1=NNC(=O)/C1=C\c1cn(-c2ccccc2)nc1-c1cccs1,100000.0,inactive
CHEMBL1581845,CC1(C)CC(=O)C=C(NC2=CC3OC(c4ccccc4)OCC3OC2=O)C1,100000.0,inactive
CHEMBL1984240,COCC/N=c1\scc(-c2ccco2)n1/N=C/c1ccc(O)c(O)c1O,100000.0,inactive
CHEMBL1519313,O=C(O)CC1OCC=C2CN3CCC45C6=CC(=O)C(O)=C([N+](=O)[O-])C6=NC4C1C2CC35,100000.0,inactive
CHEMBL1342821,Cl.Oc1ccc(-c2csc(Nc3cccc4ccccc34)n2)cc1O,100000.0,inactive
CHEMBL1322995,CCc1nnc(NC(=O)c2nc(S(=O)(=O)Cc3ccc(C)cc3)ncc2Cl)s1,100000.0,inactive
CHEMBL1349629,Nc1nc2ncc(C(=O)c3cc(Cl)cc(Cl)c3O)cc2s1,100000.0,inactive
CHEMBL1496782,O=C1NC(=O)C(=Cc2coc3ccc(O)cc3c2=O)C(=O)N1,100000.0,inactive
CHEMBL1543544,O=C1NC(=O)N(c2ccc(F)cc2)C(=O)/C1=C/c1ccc(N2CCOCC2)cc1,100000.0,inactive
CHEMBL3196706,N#C/C(=C\c1ccc(C#N)cc1)C(=O)c1ccccc1,100000.0,inactive
CHEMBL1496732,CCc1ccc(CNc2ccc(O)cc2)cc1,100000.0,inactive
CHEMBL1438182,O=C(O)CCCNC(=O)/C=C/c1ccco1,100000.0,inactive
CHEMBL1562987,O=C(CCN1C(=O)S/C(=C\c2ccccc2)C1=O)Nc1ccc(S(=O)(=O)Nc2nccs2)cc1,100000.0,inactive
CHEMBL1558183,CCN(CC)c1ccc(N=C2C(=O)Nc3ccccc32)cc1,100000.0,inactive
CHEMBL1310036,Nc1cccc2c1C(=O)N(C(=O)/C=C/c1cccc(F)c1)C2=O,100000.0,inactive
CHEMBL1969672,Cc1cc(C)c(S(=O)(=O)/N=C2/C=C(SCC(=O)O)C(=O)c3ccccc32)cc1C,100000.0,inactive
CHEMBL1401841,COc1ccc2nc3cccc(OC)c3nc2c1,100000.0,inactive
CHEMBL63883,COc1ccc(NC(=O)c2cc3ccccc3cc2O)cc1,100000.0,inactive
CHEMBL1324674,Cc1ccc(SCc2n[nH]c3c2C(c2ccc(C)o2)C(C#N)=C(N)O3)cc1,100000.0,inactive
CHEMBL3392033,N#Cc1c(N)sc(=S)c2c1CCCCC2,100000.0,inactive
CHEMBL1479899,CCc1c(C)sc(NC(=O)OC)c1C(=O)N1CCCCC1,100000.0,inactive
CHEMBL1317919,CCc1nnc(NC(=O)c2nc(S(=O)(=O)Cc3cccc(C)c3)ncc2Cl)s1,100000.0,inactive
CHEMBL1599312,NS(=O)(=O)c1ccc(-c2ccc(C=C3C(=O)NC(=O)NC3=O)o2)cc1,100000.0,inactive
CHEMBL1575481,COc1ccc(/C=C2/SC(=S)N(CC(=O)O)C2=O)cc1OCc1ccc(Cl)cc1,100000.0,inactive
CHEMBL1604527,Cc1ccc(C)c(S(=O)(=O)ON2C(=O)c3ccccc3C2=O)c1,100000.0,inactive
CHEMBL1698859,O=C1C(O)=CC(=C(c2ccccc2)c2ccccc2)c2ccccc21,100000.0,inactive
CHEMBL1461619,O=C1NC(=O)N(c2ccc3c(c2)OCO3)C(=O)/C1=C\c1ccc(-c2ccccc2C(=O)O)o1,100000.0,inactive
CHEMBL1601846,O=c1oc2c(cc1O)oc(=O)c1cc(O)c(O)c(O)c12,100000.0,inactive
CHEMBL4871225,COc1cccc(Cn2c3ccc(-c4cccc(-c5noc(=O)[nH]5)c4)cc3c3cc(-c4cccc(-c5noc(=O)[nH]5)c4)ccc32)c1,121000.0,inactive
CHEMBL4584771,O=C1c2ccccc2C(=O)N1c1ccc(S(=O)(=O)Nc2cccc3ccccc23)cc1,121900.0,inactive
CHEMBL5199579,CCCCC1C(C(=O)OCC)C(c2ccccc2)CCN1C(=O)OC(C)(C)C,213700.0,inactive
CHEMBL4456898,CCCCC1C(C(=O)N(C)OC)C(c2ccccc2)CCN1C(=O)OC(C)(C)C,257400.0,inactive
CHEMBL1535689,O=C1c2c(O)ccc([N+](=O)[O-])c2C(=O)c2c([N+](=O)[O-])ccc(O)c21,432000.0,inactive
